otimizacao,dec_bytes,arquivo_o
O1,30,/home/calebe/Downloads/geração_de_prompt_label/Resultados_opt_niveis/Resultados extr_vfs_subr.c_vnode_rele_ext.ll/O1.o
O2,30,/home/calebe/Downloads/geração_de_prompt_label/Resultados_opt_niveis/Resultados extr_vfs_subr.c_vnode_rele_ext.ll/O2.o
O3,30,/home/calebe/Downloads/geração_de_prompt_label/Resultados_opt_niveis/Resultados extr_vfs_subr.c_vnode_rele_ext.ll/O3.o
Os,30,/home/calebe/Downloads/geração_de_prompt_label/Resultados_opt_niveis/Resultados extr_vfs_subr.c_vnode_rele_ext.ll/Os.o
Oz,30,/home/calebe/Downloads/geração_de_prompt_label/Resultados_opt_niveis/Resultados extr_vfs_subr.c_vnode_rele_ext.ll/Oz.o
