otimizacao,dec_bytes,arquivo_o
O1,398,/home/calebe/Downloads/geração_de_prompt_label/Resultados_opt_niveis/Resultados extr_spi-sprd.c_sprd_spi_irq_enable.ll/O1.o
O2,398,/home/calebe/Downloads/geração_de_prompt_label/Resultados_opt_niveis/Resultados extr_spi-sprd.c_sprd_spi_irq_enable.ll/O2.o
O3,398,/home/calebe/Downloads/geração_de_prompt_label/Resultados_opt_niveis/Resultados extr_spi-sprd.c_sprd_spi_irq_enable.ll/O3.o
Os,398,/home/calebe/Downloads/geração_de_prompt_label/Resultados_opt_niveis/Resultados extr_spi-sprd.c_sprd_spi_irq_enable.ll/Os.o
Oz,398,/home/calebe/Downloads/geração_de_prompt_label/Resultados_opt_niveis/Resultados extr_spi-sprd.c_sprd_spi_irq_enable.ll/Oz.o
