otimizacao,dec_bytes,arquivo_o
O1,120,/home/calebe/Downloads/geração_de_prompt_label/Resultados_opt_niveis/Resultados extr_mt9t031.c_reg_clear.ll/O1.o
O2,120,/home/calebe/Downloads/geração_de_prompt_label/Resultados_opt_niveis/Resultados extr_mt9t031.c_reg_clear.ll/O2.o
O3,120,/home/calebe/Downloads/geração_de_prompt_label/Resultados_opt_niveis/Resultados extr_mt9t031.c_reg_clear.ll/O3.o
Os,120,/home/calebe/Downloads/geração_de_prompt_label/Resultados_opt_niveis/Resultados extr_mt9t031.c_reg_clear.ll/Os.o
Oz,120,/home/calebe/Downloads/geração_de_prompt_label/Resultados_opt_niveis/Resultados extr_mt9t031.c_reg_clear.ll/Oz.o
