otimizacao,dec_bytes,arquivo_o
O1,28,/home/calebe/Downloads/geração_de_prompt_label/Resultados_opt_niveis/Resultados extr_atmel-aes.c_atmel_aes_gcm_decrypt.ll/O1.o
O2,28,/home/calebe/Downloads/geração_de_prompt_label/Resultados_opt_niveis/Resultados extr_atmel-aes.c_atmel_aes_gcm_decrypt.ll/O2.o
O3,28,/home/calebe/Downloads/geração_de_prompt_label/Resultados_opt_niveis/Resultados extr_atmel-aes.c_atmel_aes_gcm_decrypt.ll/O3.o
Os,28,/home/calebe/Downloads/geração_de_prompt_label/Resultados_opt_niveis/Resultados extr_atmel-aes.c_atmel_aes_gcm_decrypt.ll/Os.o
Oz,28,/home/calebe/Downloads/geração_de_prompt_label/Resultados_opt_niveis/Resultados extr_atmel-aes.c_atmel_aes_gcm_decrypt.ll/Oz.o
