otimizacao,dec_bytes,arquivo_o
O1,68,/home/calebe/Downloads/geração_de_prompt_label/Resultados_opt_niveis/Resultados extr_addrconf_core.c_eafnosupport_ip6_del_rt.ll/O1.o
O2,68,/home/calebe/Downloads/geração_de_prompt_label/Resultados_opt_niveis/Resultados extr_addrconf_core.c_eafnosupport_ip6_del_rt.ll/O2.o
O3,68,/home/calebe/Downloads/geração_de_prompt_label/Resultados_opt_niveis/Resultados extr_addrconf_core.c_eafnosupport_ip6_del_rt.ll/O3.o
Os,68,/home/calebe/Downloads/geração_de_prompt_label/Resultados_opt_niveis/Resultados extr_addrconf_core.c_eafnosupport_ip6_del_rt.ll/Os.o
Oz,68,/home/calebe/Downloads/geração_de_prompt_label/Resultados_opt_niveis/Resultados extr_addrconf_core.c_eafnosupport_ip6_del_rt.ll/Oz.o
