otimizacao,dec_bytes,arquivo_o
O1,35,/home/calebe/Downloads/geração_de_prompt_label/Resultados_opt_niveis/Resultados extr_uftdi.c_uftdi_cfg_open.ll/O1.o
O2,35,/home/calebe/Downloads/geração_de_prompt_label/Resultados_opt_niveis/Resultados extr_uftdi.c_uftdi_cfg_open.ll/O2.o
O3,35,/home/calebe/Downloads/geração_de_prompt_label/Resultados_opt_niveis/Resultados extr_uftdi.c_uftdi_cfg_open.ll/O3.o
Os,35,/home/calebe/Downloads/geração_de_prompt_label/Resultados_opt_niveis/Resultados extr_uftdi.c_uftdi_cfg_open.ll/Os.o
Oz,35,/home/calebe/Downloads/geração_de_prompt_label/Resultados_opt_niveis/Resultados extr_uftdi.c_uftdi_cfg_open.ll/Oz.o
