otimizacao,dec_bytes,arquivo_o
O1,18,/home/calebe/Downloads/geração_de_prompt_label/Resultados_opt_niveis/Resultados extr_qed_debug.c_qed_cyclic_add.ll/O1.o
O2,18,/home/calebe/Downloads/geração_de_prompt_label/Resultados_opt_niveis/Resultados extr_qed_debug.c_qed_cyclic_add.ll/O2.o
O3,18,/home/calebe/Downloads/geração_de_prompt_label/Resultados_opt_niveis/Resultados extr_qed_debug.c_qed_cyclic_add.ll/O3.o
Os,18,/home/calebe/Downloads/geração_de_prompt_label/Resultados_opt_niveis/Resultados extr_qed_debug.c_qed_cyclic_add.ll/Os.o
Oz,18,/home/calebe/Downloads/geração_de_prompt_label/Resultados_opt_niveis/Resultados extr_qed_debug.c_qed_cyclic_add.ll/Oz.o
