otimizacao,dec_bytes,arquivo_o
O1,308,/home/calebe/Downloads/geração_de_prompt_label/Resultados_opt_niveis/Resultados extr_hisi-sfc.c_hisi_spi_nor_init.ll/O1.o
O2,308,/home/calebe/Downloads/geração_de_prompt_label/Resultados_opt_niveis/Resultados extr_hisi-sfc.c_hisi_spi_nor_init.ll/O2.o
O3,308,/home/calebe/Downloads/geração_de_prompt_label/Resultados_opt_niveis/Resultados extr_hisi-sfc.c_hisi_spi_nor_init.ll/O3.o
Os,308,/home/calebe/Downloads/geração_de_prompt_label/Resultados_opt_niveis/Resultados extr_hisi-sfc.c_hisi_spi_nor_init.ll/Os.o
Oz,308,/home/calebe/Downloads/geração_de_prompt_label/Resultados_opt_niveis/Resultados extr_hisi-sfc.c_hisi_spi_nor_init.ll/Oz.o
