otimizacao,dec_bytes,arquivo_o
O1,42,/home/calebe/Downloads/geração_de_prompt_label/Resultados_opt_niveis/Resultados extr_pci.c_ath10k_pci_htc_rx_cb.ll/O1.o
O2,42,/home/calebe/Downloads/geração_de_prompt_label/Resultados_opt_niveis/Resultados extr_pci.c_ath10k_pci_htc_rx_cb.ll/O2.o
O3,42,/home/calebe/Downloads/geração_de_prompt_label/Resultados_opt_niveis/Resultados extr_pci.c_ath10k_pci_htc_rx_cb.ll/O3.o
Os,42,/home/calebe/Downloads/geração_de_prompt_label/Resultados_opt_niveis/Resultados extr_pci.c_ath10k_pci_htc_rx_cb.ll/Os.o
Oz,42,/home/calebe/Downloads/geração_de_prompt_label/Resultados_opt_niveis/Resultados extr_pci.c_ath10k_pci_htc_rx_cb.ll/Oz.o
