otimizacao,dec_bytes,arquivo_o
O1,105,/home/calebe/Downloads/geração_de_prompt_label/Resultados_opt_niveis/Resultados extr_22485.c_usage.ll/O1.o
O2,105,/home/calebe/Downloads/geração_de_prompt_label/Resultados_opt_niveis/Resultados extr_22485.c_usage.ll/O2.o
O3,105,/home/calebe/Downloads/geração_de_prompt_label/Resultados_opt_niveis/Resultados extr_22485.c_usage.ll/O3.o
Os,105,/home/calebe/Downloads/geração_de_prompt_label/Resultados_opt_niveis/Resultados extr_22485.c_usage.ll/Os.o
Oz,105,/home/calebe/Downloads/geração_de_prompt_label/Resultados_opt_niveis/Resultados extr_22485.c_usage.ll/Oz.o
