otimizacao,dec_bytes,arquivo_o
O1,50,/home/calebe/Downloads/geração_de_prompt_label/Resultados_opt_niveis/Resultados extr_mips-dis.c_print_insn_big_mips.ll/O1.o
O2,50,/home/calebe/Downloads/geração_de_prompt_label/Resultados_opt_niveis/Resultados extr_mips-dis.c_print_insn_big_mips.ll/O2.o
O3,50,/home/calebe/Downloads/geração_de_prompt_label/Resultados_opt_niveis/Resultados extr_mips-dis.c_print_insn_big_mips.ll/O3.o
Os,50,/home/calebe/Downloads/geração_de_prompt_label/Resultados_opt_niveis/Resultados extr_mips-dis.c_print_insn_big_mips.ll/Os.o
Oz,50,/home/calebe/Downloads/geração_de_prompt_label/Resultados_opt_niveis/Resultados extr_mips-dis.c_print_insn_big_mips.ll/Oz.o
