otimizacao,dec_bytes,arquivo_o
O1,172,/home/calebe/Downloads/geração_de_prompt_label/Resultados_opt_niveis/Resultados extr_mac_sysv_shm.c_mac_sysvshm_check_shmat.ll/O1.o
O2,172,/home/calebe/Downloads/geração_de_prompt_label/Resultados_opt_niveis/Resultados extr_mac_sysv_shm.c_mac_sysvshm_check_shmat.ll/O2.o
O3,172,/home/calebe/Downloads/geração_de_prompt_label/Resultados_opt_niveis/Resultados extr_mac_sysv_shm.c_mac_sysvshm_check_shmat.ll/O3.o
Os,172,/home/calebe/Downloads/geração_de_prompt_label/Resultados_opt_niveis/Resultados extr_mac_sysv_shm.c_mac_sysvshm_check_shmat.ll/Os.o
Oz,172,/home/calebe/Downloads/geração_de_prompt_label/Resultados_opt_niveis/Resultados extr_mac_sysv_shm.c_mac_sysvshm_check_shmat.ll/Oz.o
