otimizacao,dec_bytes,arquivo_o
O1,496,/home/calebe/Downloads/geração_de_prompt_label/Resultados_opt_niveis/Resultados extr_rematrix.c_sane_layout.ll/O1.o
O2,496,/home/calebe/Downloads/geração_de_prompt_label/Resultados_opt_niveis/Resultados extr_rematrix.c_sane_layout.ll/O2.o
O3,496,/home/calebe/Downloads/geração_de_prompt_label/Resultados_opt_niveis/Resultados extr_rematrix.c_sane_layout.ll/O3.o
Os,496,/home/calebe/Downloads/geração_de_prompt_label/Resultados_opt_niveis/Resultados extr_rematrix.c_sane_layout.ll/Os.o
Oz,496,/home/calebe/Downloads/geração_de_prompt_label/Resultados_opt_niveis/Resultados extr_rematrix.c_sane_layout.ll/Oz.o
