otimizacao,dec_bytes,arquivo_o
O1,54,/home/calebe/Downloads/geração_de_prompt_label/Resultados_opt_niveis/Resultados extr_vp7045-fe.c_vp7045_fe_get_tune_settings.ll/O1.o
O2,54,/home/calebe/Downloads/geração_de_prompt_label/Resultados_opt_niveis/Resultados extr_vp7045-fe.c_vp7045_fe_get_tune_settings.ll/O2.o
O3,54,/home/calebe/Downloads/geração_de_prompt_label/Resultados_opt_niveis/Resultados extr_vp7045-fe.c_vp7045_fe_get_tune_settings.ll/O3.o
Os,54,/home/calebe/Downloads/geração_de_prompt_label/Resultados_opt_niveis/Resultados extr_vp7045-fe.c_vp7045_fe_get_tune_settings.ll/Os.o
Oz,54,/home/calebe/Downloads/geração_de_prompt_label/Resultados_opt_niveis/Resultados extr_vp7045-fe.c_vp7045_fe_get_tune_settings.ll/Oz.o
