otimizacao,dec_bytes,arquivo_o
O1,146,/home/calebe/Downloads/geração_de_prompt_label/Resultados_opt_niveis/Resultados extr_..git-compat-util.h_sane_iscase.ll/O1.o
O2,146,/home/calebe/Downloads/geração_de_prompt_label/Resultados_opt_niveis/Resultados extr_..git-compat-util.h_sane_iscase.ll/O2.o
O3,146,/home/calebe/Downloads/geração_de_prompt_label/Resultados_opt_niveis/Resultados extr_..git-compat-util.h_sane_iscase.ll/O3.o
Os,146,/home/calebe/Downloads/geração_de_prompt_label/Resultados_opt_niveis/Resultados extr_..git-compat-util.h_sane_iscase.ll/Os.o
Oz,146,/home/calebe/Downloads/geração_de_prompt_label/Resultados_opt_niveis/Resultados extr_..git-compat-util.h_sane_iscase.ll/Oz.o
