otimizacao,dec_bytes,arquivo_o
O1,28,/home/calebe/Downloads/geração_de_prompt_label/Resultados_opt_niveis/Resultados extr_zstd_decompress.c_ZSTD_nextSrcSizeToDecompress.ll/O1.o
O2,28,/home/calebe/Downloads/geração_de_prompt_label/Resultados_opt_niveis/Resultados extr_zstd_decompress.c_ZSTD_nextSrcSizeToDecompress.ll/O2.o
O3,28,/home/calebe/Downloads/geração_de_prompt_label/Resultados_opt_niveis/Resultados extr_zstd_decompress.c_ZSTD_nextSrcSizeToDecompress.ll/O3.o
Os,28,/home/calebe/Downloads/geração_de_prompt_label/Resultados_opt_niveis/Resultados extr_zstd_decompress.c_ZSTD_nextSrcSizeToDecompress.ll/Os.o
Oz,28,/home/calebe/Downloads/geração_de_prompt_label/Resultados_opt_niveis/Resultados extr_zstd_decompress.c_ZSTD_nextSrcSizeToDecompress.ll/Oz.o
