otimizacao,dec_bytes,arquivo_o
O1,134,/home/calebe/Downloads/geração_de_prompt_label/Resultados_opt_niveis/Resultados extr_camss-vfe-4-7.c_vfe_wm_set_pong_addr.ll/O1.o
O2,134,/home/calebe/Downloads/geração_de_prompt_label/Resultados_opt_niveis/Resultados extr_camss-vfe-4-7.c_vfe_wm_set_pong_addr.ll/O2.o
O3,134,/home/calebe/Downloads/geração_de_prompt_label/Resultados_opt_niveis/Resultados extr_camss-vfe-4-7.c_vfe_wm_set_pong_addr.ll/O3.o
Os,134,/home/calebe/Downloads/geração_de_prompt_label/Resultados_opt_niveis/Resultados extr_camss-vfe-4-7.c_vfe_wm_set_pong_addr.ll/Os.o
Oz,134,/home/calebe/Downloads/geração_de_prompt_label/Resultados_opt_niveis/Resultados extr_camss-vfe-4-7.c_vfe_wm_set_pong_addr.ll/Oz.o
