otimizacao,dec_bytes,arquivo_o
O1,98,/home/calebe/Downloads/geração_de_prompt_label/Resultados_opt_niveis/Resultados extr_rv515.c_rv515_vga_render_disable.ll/O1.o
O2,98,/home/calebe/Downloads/geração_de_prompt_label/Resultados_opt_niveis/Resultados extr_rv515.c_rv515_vga_render_disable.ll/O2.o
O3,98,/home/calebe/Downloads/geração_de_prompt_label/Resultados_opt_niveis/Resultados extr_rv515.c_rv515_vga_render_disable.ll/O3.o
Os,98,/home/calebe/Downloads/geração_de_prompt_label/Resultados_opt_niveis/Resultados extr_rv515.c_rv515_vga_render_disable.ll/Os.o
Oz,98,/home/calebe/Downloads/geração_de_prompt_label/Resultados_opt_niveis/Resultados extr_rv515.c_rv515_vga_render_disable.ll/Oz.o
