otimizacao,dec_bytes,arquivo_o
O1,50,/home/calebe/Downloads/geração_de_prompt_label/Resultados_opt_niveis/Resultados extr_posix-spawn.c_posix_spawn_file_actions_init.ll/O1.o
O2,50,/home/calebe/Downloads/geração_de_prompt_label/Resultados_opt_niveis/Resultados extr_posix-spawn.c_posix_spawn_file_actions_init.ll/O2.o
O3,50,/home/calebe/Downloads/geração_de_prompt_label/Resultados_opt_niveis/Resultados extr_posix-spawn.c_posix_spawn_file_actions_init.ll/O3.o
Os,50,/home/calebe/Downloads/geração_de_prompt_label/Resultados_opt_niveis/Resultados extr_posix-spawn.c_posix_spawn_file_actions_init.ll/Os.o
Oz,50,/home/calebe/Downloads/geração_de_prompt_label/Resultados_opt_niveis/Resultados extr_posix-spawn.c_posix_spawn_file_actions_init.ll/Oz.o
