otimizacao,dec_bytes,arquivo_o
O1,1220,/home/calebe/Downloads/geração_de_prompt_label/Resultados_opt_niveis/Resultados extr_fman_dtsec.c_fman_dtsec_defconfig.ll/O1.o
O2,1220,/home/calebe/Downloads/geração_de_prompt_label/Resultados_opt_niveis/Resultados extr_fman_dtsec.c_fman_dtsec_defconfig.ll/O2.o
O3,1220,/home/calebe/Downloads/geração_de_prompt_label/Resultados_opt_niveis/Resultados extr_fman_dtsec.c_fman_dtsec_defconfig.ll/O3.o
Os,1220,/home/calebe/Downloads/geração_de_prompt_label/Resultados_opt_niveis/Resultados extr_fman_dtsec.c_fman_dtsec_defconfig.ll/Os.o
Oz,1220,/home/calebe/Downloads/geração_de_prompt_label/Resultados_opt_niveis/Resultados extr_fman_dtsec.c_fman_dtsec_defconfig.ll/Oz.o
