otimizacao,dec_bytes,arquivo_o
O1,48,/home/calebe/Downloads/geração_de_prompt_label/Resultados_opt_niveis/Resultados extr_lcd_omap3beagle.c_omap3beagle_panel_disable.ll/O1.o
O2,48,/home/calebe/Downloads/geração_de_prompt_label/Resultados_opt_niveis/Resultados extr_lcd_omap3beagle.c_omap3beagle_panel_disable.ll/O2.o
O3,48,/home/calebe/Downloads/geração_de_prompt_label/Resultados_opt_niveis/Resultados extr_lcd_omap3beagle.c_omap3beagle_panel_disable.ll/O3.o
Os,48,/home/calebe/Downloads/geração_de_prompt_label/Resultados_opt_niveis/Resultados extr_lcd_omap3beagle.c_omap3beagle_panel_disable.ll/Os.o
Oz,48,/home/calebe/Downloads/geração_de_prompt_label/Resultados_opt_niveis/Resultados extr_lcd_omap3beagle.c_omap3beagle_panel_disable.ll/Oz.o
