otimizacao,dec_bytes,arquivo_o
O1,206,/home/calebe/Downloads/geração_de_prompt_label/Resultados_opt_niveis/Resultados extr_scsi_transport_sas.c_scsi_is_sas_rphy.ll/O1.o
O2,206,/home/calebe/Downloads/geração_de_prompt_label/Resultados_opt_niveis/Resultados extr_scsi_transport_sas.c_scsi_is_sas_rphy.ll/O2.o
O3,206,/home/calebe/Downloads/geração_de_prompt_label/Resultados_opt_niveis/Resultados extr_scsi_transport_sas.c_scsi_is_sas_rphy.ll/O3.o
Os,206,/home/calebe/Downloads/geração_de_prompt_label/Resultados_opt_niveis/Resultados extr_scsi_transport_sas.c_scsi_is_sas_rphy.ll/Os.o
Oz,206,/home/calebe/Downloads/geração_de_prompt_label/Resultados_opt_niveis/Resultados extr_scsi_transport_sas.c_scsi_is_sas_rphy.ll/Oz.o
