otimizacao,dec_bytes,arquivo_o
O1,97,/home/calebe/Downloads/geração_de_prompt_label/Resultados_opt_niveis/Resultados extr_event.c_event_init.ll/O1.o
O2,97,/home/calebe/Downloads/geração_de_prompt_label/Resultados_opt_niveis/Resultados extr_event.c_event_init.ll/O2.o
O3,97,/home/calebe/Downloads/geração_de_prompt_label/Resultados_opt_niveis/Resultados extr_event.c_event_init.ll/O3.o
Os,97,/home/calebe/Downloads/geração_de_prompt_label/Resultados_opt_niveis/Resultados extr_event.c_event_init.ll/Os.o
Oz,97,/home/calebe/Downloads/geração_de_prompt_label/Resultados_opt_niveis/Resultados extr_event.c_event_init.ll/Oz.o
