otimizacao,dec_bytes,arquivo_o
O1,12,/home/calebe/Downloads/geração_de_prompt_label/Resultados_opt_niveis/Resultados extr_vfpsingle.c_vfp_single_fcmp.ll/O1.o
O2,12,/home/calebe/Downloads/geração_de_prompt_label/Resultados_opt_niveis/Resultados extr_vfpsingle.c_vfp_single_fcmp.ll/O2.o
O3,12,/home/calebe/Downloads/geração_de_prompt_label/Resultados_opt_niveis/Resultados extr_vfpsingle.c_vfp_single_fcmp.ll/O3.o
Os,12,/home/calebe/Downloads/geração_de_prompt_label/Resultados_opt_niveis/Resultados extr_vfpsingle.c_vfp_single_fcmp.ll/Os.o
Oz,12,/home/calebe/Downloads/geração_de_prompt_label/Resultados_opt_niveis/Resultados extr_vfpsingle.c_vfp_single_fcmp.ll/Oz.o
