otimizacao,dec_bytes,arquivo_o
O1,32,/home/calebe/Downloads/geração_de_prompt_label/Resultados_opt_niveis/Resultados extr_mtip32xx.c_mtip_hw_debugfs_exit.ll/O1.o
O2,32,/home/calebe/Downloads/geração_de_prompt_label/Resultados_opt_niveis/Resultados extr_mtip32xx.c_mtip_hw_debugfs_exit.ll/O2.o
O3,32,/home/calebe/Downloads/geração_de_prompt_label/Resultados_opt_niveis/Resultados extr_mtip32xx.c_mtip_hw_debugfs_exit.ll/O3.o
Os,32,/home/calebe/Downloads/geração_de_prompt_label/Resultados_opt_niveis/Resultados extr_mtip32xx.c_mtip_hw_debugfs_exit.ll/Os.o
Oz,32,/home/calebe/Downloads/geração_de_prompt_label/Resultados_opt_niveis/Resultados extr_mtip32xx.c_mtip_hw_debugfs_exit.ll/Oz.o
