otimizacao,dec_bytes,arquivo_o
O1,192,/home/calebe/Downloads/geração_de_prompt_label/Resultados_opt_niveis/Resultados extr_mac_system.c_mac_system_check_swapoff.ll/O1.o
O2,192,/home/calebe/Downloads/geração_de_prompt_label/Resultados_opt_niveis/Resultados extr_mac_system.c_mac_system_check_swapoff.ll/O2.o
O3,192,/home/calebe/Downloads/geração_de_prompt_label/Resultados_opt_niveis/Resultados extr_mac_system.c_mac_system_check_swapoff.ll/O3.o
Os,192,/home/calebe/Downloads/geração_de_prompt_label/Resultados_opt_niveis/Resultados extr_mac_system.c_mac_system_check_swapoff.ll/Os.o
Oz,192,/home/calebe/Downloads/geração_de_prompt_label/Resultados_opt_niveis/Resultados extr_mac_system.c_mac_system_check_swapoff.ll/Oz.o
