otimizacao,dec_bytes,arquivo_o
O1,88,/home/calebe/Downloads/geração_de_prompt_label/Resultados_opt_niveis/Resultados extr_gfx_v10_0.c_gfx_v10_0_ring_emit_sb.ll/O1.o
O2,88,/home/calebe/Downloads/geração_de_prompt_label/Resultados_opt_niveis/Resultados extr_gfx_v10_0.c_gfx_v10_0_ring_emit_sb.ll/O2.o
O3,88,/home/calebe/Downloads/geração_de_prompt_label/Resultados_opt_niveis/Resultados extr_gfx_v10_0.c_gfx_v10_0_ring_emit_sb.ll/O3.o
Os,88,/home/calebe/Downloads/geração_de_prompt_label/Resultados_opt_niveis/Resultados extr_gfx_v10_0.c_gfx_v10_0_ring_emit_sb.ll/Os.o
Oz,88,/home/calebe/Downloads/geração_de_prompt_label/Resultados_opt_niveis/Resultados extr_gfx_v10_0.c_gfx_v10_0_ring_emit_sb.ll/Oz.o
