otimizacao,dec_bytes,arquivo_o
O1,184,/home/calebe/Downloads/geração_de_prompt_label/Resultados_opt_niveis/Resultados extr_nouveau_dmem.c_nouveau_dmem_page.ll/O1.o
O2,184,/home/calebe/Downloads/geração_de_prompt_label/Resultados_opt_niveis/Resultados extr_nouveau_dmem.c_nouveau_dmem_page.ll/O2.o
O3,184,/home/calebe/Downloads/geração_de_prompt_label/Resultados_opt_niveis/Resultados extr_nouveau_dmem.c_nouveau_dmem_page.ll/O3.o
Os,184,/home/calebe/Downloads/geração_de_prompt_label/Resultados_opt_niveis/Resultados extr_nouveau_dmem.c_nouveau_dmem_page.ll/Os.o
Oz,184,/home/calebe/Downloads/geração_de_prompt_label/Resultados_opt_niveis/Resultados extr_nouveau_dmem.c_nouveau_dmem_page.ll/Oz.o
