otimizacao,dec_bytes,arquivo_o
O1,174,/home/calebe/Downloads/geração_de_prompt_label/Resultados_opt_niveis/Resultados extr_corec37d.c_corec37d_ntfy_init.ll/O1.o
O2,174,/home/calebe/Downloads/geração_de_prompt_label/Resultados_opt_niveis/Resultados extr_corec37d.c_corec37d_ntfy_init.ll/O2.o
O3,174,/home/calebe/Downloads/geração_de_prompt_label/Resultados_opt_niveis/Resultados extr_corec37d.c_corec37d_ntfy_init.ll/O3.o
Os,174,/home/calebe/Downloads/geração_de_prompt_label/Resultados_opt_niveis/Resultados extr_corec37d.c_corec37d_ntfy_init.ll/Os.o
Oz,174,/home/calebe/Downloads/geração_de_prompt_label/Resultados_opt_niveis/Resultados extr_corec37d.c_corec37d_ntfy_init.ll/Oz.o
