otimizacao,dec_bytes,arquivo_o
O1,151,/home/calebe/Downloads/geração_de_prompt_label/Resultados_opt_niveis/Resultados extr_monitors.c_framebuffer_size_callback.ll/O1.o
O2,151,/home/calebe/Downloads/geração_de_prompt_label/Resultados_opt_niveis/Resultados extr_monitors.c_framebuffer_size_callback.ll/O2.o
O3,151,/home/calebe/Downloads/geração_de_prompt_label/Resultados_opt_niveis/Resultados extr_monitors.c_framebuffer_size_callback.ll/O3.o
Os,151,/home/calebe/Downloads/geração_de_prompt_label/Resultados_opt_niveis/Resultados extr_monitors.c_framebuffer_size_callback.ll/Os.o
Oz,151,/home/calebe/Downloads/geração_de_prompt_label/Resultados_opt_niveis/Resultados extr_monitors.c_framebuffer_size_callback.ll/Oz.o
