otimizacao,dec_bytes,arquivo_o
O1,248,/home/calebe/Downloads/geração_de_prompt_label/Resultados_opt_niveis/Resultados extr_tun.c_tun_get_settings.ll/O1.o
O2,248,/home/calebe/Downloads/geração_de_prompt_label/Resultados_opt_niveis/Resultados extr_tun.c_tun_get_settings.ll/O2.o
O3,248,/home/calebe/Downloads/geração_de_prompt_label/Resultados_opt_niveis/Resultados extr_tun.c_tun_get_settings.ll/O3.o
Os,248,/home/calebe/Downloads/geração_de_prompt_label/Resultados_opt_niveis/Resultados extr_tun.c_tun_get_settings.ll/Os.o
Oz,248,/home/calebe/Downloads/geração_de_prompt_label/Resultados_opt_niveis/Resultados extr_tun.c_tun_get_settings.ll/Oz.o
