otimizacao,dec_bytes,arquivo_o
O1,182,/home/calebe/Downloads/geração_de_prompt_label/Resultados_opt_niveis/Resultados extr_connection.c_rds_conn_create_outgoing.ll/O1.o
O2,182,/home/calebe/Downloads/geração_de_prompt_label/Resultados_opt_niveis/Resultados extr_connection.c_rds_conn_create_outgoing.ll/O2.o
O3,182,/home/calebe/Downloads/geração_de_prompt_label/Resultados_opt_niveis/Resultados extr_connection.c_rds_conn_create_outgoing.ll/O3.o
Os,182,/home/calebe/Downloads/geração_de_prompt_label/Resultados_opt_niveis/Resultados extr_connection.c_rds_conn_create_outgoing.ll/Os.o
Oz,182,/home/calebe/Downloads/geração_de_prompt_label/Resultados_opt_niveis/Resultados extr_connection.c_rds_conn_create_outgoing.ll/Oz.o
