otimizacao,dec_bytes,arquivo_o
O1,126,/home/calebe/Downloads/geração_de_prompt_label/Resultados_opt_niveis/Resultados extr_tcic.c_tcic_aux_getw.ll/O1.o
O2,126,/home/calebe/Downloads/geração_de_prompt_label/Resultados_opt_niveis/Resultados extr_tcic.c_tcic_aux_getw.ll/O2.o
O3,126,/home/calebe/Downloads/geração_de_prompt_label/Resultados_opt_niveis/Resultados extr_tcic.c_tcic_aux_getw.ll/O3.o
Os,126,/home/calebe/Downloads/geração_de_prompt_label/Resultados_opt_niveis/Resultados extr_tcic.c_tcic_aux_getw.ll/Os.o
Oz,126,/home/calebe/Downloads/geração_de_prompt_label/Resultados_opt_niveis/Resultados extr_tcic.c_tcic_aux_getw.ll/Oz.o
