otimizacao,dec_bytes,arquivo_o
O1,42,/home/calebe/Downloads/geração_de_prompt_label/Resultados_opt_niveis/Resultados extr_user_filters.c_print_vf_help_list.ll/O1.o
O2,42,/home/calebe/Downloads/geração_de_prompt_label/Resultados_opt_niveis/Resultados extr_user_filters.c_print_vf_help_list.ll/O2.o
O3,42,/home/calebe/Downloads/geração_de_prompt_label/Resultados_opt_niveis/Resultados extr_user_filters.c_print_vf_help_list.ll/O3.o
Os,42,/home/calebe/Downloads/geração_de_prompt_label/Resultados_opt_niveis/Resultados extr_user_filters.c_print_vf_help_list.ll/Os.o
Oz,42,/home/calebe/Downloads/geração_de_prompt_label/Resultados_opt_niveis/Resultados extr_user_filters.c_print_vf_help_list.ll/Oz.o
