otimizacao,dec_bytes,arquivo_o
O1,32,/home/calebe/Downloads/geração_de_prompt_label/Resultados_opt_niveis/Resultados extr_tea6330t.c_snd_tea6330_free.ll/O1.o
O2,32,/home/calebe/Downloads/geração_de_prompt_label/Resultados_opt_niveis/Resultados extr_tea6330t.c_snd_tea6330_free.ll/O2.o
O3,32,/home/calebe/Downloads/geração_de_prompt_label/Resultados_opt_niveis/Resultados extr_tea6330t.c_snd_tea6330_free.ll/O3.o
Os,32,/home/calebe/Downloads/geração_de_prompt_label/Resultados_opt_niveis/Resultados extr_tea6330t.c_snd_tea6330_free.ll/Os.o
Oz,32,/home/calebe/Downloads/geração_de_prompt_label/Resultados_opt_niveis/Resultados extr_tea6330t.c_snd_tea6330_free.ll/Oz.o
