otimizacao,dec_bytes,arquivo_o
O1,44,/home/calebe/Downloads/geração_de_prompt_label/Resultados_opt_niveis/Resultados extr_devfs_tree.c_devfs_ref_node.ll/O1.o
O2,44,/home/calebe/Downloads/geração_de_prompt_label/Resultados_opt_niveis/Resultados extr_devfs_tree.c_devfs_ref_node.ll/O2.o
O3,44,/home/calebe/Downloads/geração_de_prompt_label/Resultados_opt_niveis/Resultados extr_devfs_tree.c_devfs_ref_node.ll/O3.o
Os,44,/home/calebe/Downloads/geração_de_prompt_label/Resultados_opt_niveis/Resultados extr_devfs_tree.c_devfs_ref_node.ll/Os.o
Oz,44,/home/calebe/Downloads/geração_de_prompt_label/Resultados_opt_niveis/Resultados extr_devfs_tree.c_devfs_ref_node.ll/Oz.o
