otimizacao,dec_bytes,arquivo_o
O1,144,/home/calebe/Downloads/geração_de_prompt_label/Resultados_opt_niveis/Resultados extr_lz4io.c_LZ4IO_setBlockMode.ll/O1.o
O2,144,/home/calebe/Downloads/geração_de_prompt_label/Resultados_opt_niveis/Resultados extr_lz4io.c_LZ4IO_setBlockMode.ll/O2.o
O3,144,/home/calebe/Downloads/geração_de_prompt_label/Resultados_opt_niveis/Resultados extr_lz4io.c_LZ4IO_setBlockMode.ll/O3.o
Os,144,/home/calebe/Downloads/geração_de_prompt_label/Resultados_opt_niveis/Resultados extr_lz4io.c_LZ4IO_setBlockMode.ll/Os.o
Oz,144,/home/calebe/Downloads/geração_de_prompt_label/Resultados_opt_niveis/Resultados extr_lz4io.c_LZ4IO_setBlockMode.ll/Oz.o
