otimizacao,dec_bytes,arquivo_o
O1,40,/home/calebe/Downloads/geração_de_prompt_label/Resultados_opt_niveis/Resultados extr_run.c_parse_script_a.ll/O1.o
O2,40,/home/calebe/Downloads/geração_de_prompt_label/Resultados_opt_niveis/Resultados extr_run.c_parse_script_a.ll/O2.o
O3,40,/home/calebe/Downloads/geração_de_prompt_label/Resultados_opt_niveis/Resultados extr_run.c_parse_script_a.ll/O3.o
Os,40,/home/calebe/Downloads/geração_de_prompt_label/Resultados_opt_niveis/Resultados extr_run.c_parse_script_a.ll/Os.o
Oz,40,/home/calebe/Downloads/geração_de_prompt_label/Resultados_opt_niveis/Resultados extr_run.c_parse_script_a.ll/Oz.o
