otimizacao,dec_bytes,arquivo_o
O1,260,/home/calebe/Downloads/geração_de_prompt_label/Resultados_opt_niveis/Resultados extr_armada38x_pl310.c_mv_a38x_platform_pl310_init.ll/O1.o
O2,260,/home/calebe/Downloads/geração_de_prompt_label/Resultados_opt_niveis/Resultados extr_armada38x_pl310.c_mv_a38x_platform_pl310_init.ll/O2.o
O3,260,/home/calebe/Downloads/geração_de_prompt_label/Resultados_opt_niveis/Resultados extr_armada38x_pl310.c_mv_a38x_platform_pl310_init.ll/O3.o
Os,260,/home/calebe/Downloads/geração_de_prompt_label/Resultados_opt_niveis/Resultados extr_armada38x_pl310.c_mv_a38x_platform_pl310_init.ll/Os.o
Oz,260,/home/calebe/Downloads/geração_de_prompt_label/Resultados_opt_niveis/Resultados extr_armada38x_pl310.c_mv_a38x_platform_pl310_init.ll/Oz.o
