otimizacao,dec_bytes,arquivo_o
O1,32,/home/calebe/Downloads/geração_de_prompt_label/Resultados_opt_niveis/Resultados extr_nitrox_aead.c_free_src_sglist.ll/O1.o
O2,32,/home/calebe/Downloads/geração_de_prompt_label/Resultados_opt_niveis/Resultados extr_nitrox_aead.c_free_src_sglist.ll/O2.o
O3,32,/home/calebe/Downloads/geração_de_prompt_label/Resultados_opt_niveis/Resultados extr_nitrox_aead.c_free_src_sglist.ll/O3.o
Os,32,/home/calebe/Downloads/geração_de_prompt_label/Resultados_opt_niveis/Resultados extr_nitrox_aead.c_free_src_sglist.ll/Os.o
Oz,32,/home/calebe/Downloads/geração_de_prompt_label/Resultados_opt_niveis/Resultados extr_nitrox_aead.c_free_src_sglist.ll/Oz.o
