otimizacao,dec_bytes,arquivo_o
O1,32,/home/calebe/Downloads/geração_de_prompt_label/Resultados_opt_niveis/Resultados extr_svc.c_gb_svc_add.ll/O1.o
O2,32,/home/calebe/Downloads/geração_de_prompt_label/Resultados_opt_niveis/Resultados extr_svc.c_gb_svc_add.ll/O2.o
O3,32,/home/calebe/Downloads/geração_de_prompt_label/Resultados_opt_niveis/Resultados extr_svc.c_gb_svc_add.ll/O3.o
Os,32,/home/calebe/Downloads/geração_de_prompt_label/Resultados_opt_niveis/Resultados extr_svc.c_gb_svc_add.ll/Os.o
Oz,32,/home/calebe/Downloads/geração_de_prompt_label/Resultados_opt_niveis/Resultados extr_svc.c_gb_svc_add.ll/Oz.o
