otimizacao,dec_bytes,arquivo_o
O1,204,/home/calebe/Downloads/geração_de_prompt_label/Resultados_opt_niveis/Resultados extr_ahb.c_ath10k_ahb_get_num_banks.ll/O1.o
O2,204,/home/calebe/Downloads/geração_de_prompt_label/Resultados_opt_niveis/Resultados extr_ahb.c_ath10k_ahb_get_num_banks.ll/O2.o
O3,204,/home/calebe/Downloads/geração_de_prompt_label/Resultados_opt_niveis/Resultados extr_ahb.c_ath10k_ahb_get_num_banks.ll/O3.o
Os,204,/home/calebe/Downloads/geração_de_prompt_label/Resultados_opt_niveis/Resultados extr_ahb.c_ath10k_ahb_get_num_banks.ll/Os.o
Oz,204,/home/calebe/Downloads/geração_de_prompt_label/Resultados_opt_niveis/Resultados extr_ahb.c_ath10k_ahb_get_num_banks.ll/Oz.o
