otimizacao,dec_bytes,arquivo_o
O1,34,/home/calebe/Downloads/geração_de_prompt_label/Resultados_opt_niveis/Resultados extr_huf_compress.c_HUF_optimalTableLog.ll/O1.o
O2,34,/home/calebe/Downloads/geração_de_prompt_label/Resultados_opt_niveis/Resultados extr_huf_compress.c_HUF_optimalTableLog.ll/O2.o
O3,34,/home/calebe/Downloads/geração_de_prompt_label/Resultados_opt_niveis/Resultados extr_huf_compress.c_HUF_optimalTableLog.ll/O3.o
Os,34,/home/calebe/Downloads/geração_de_prompt_label/Resultados_opt_niveis/Resultados extr_huf_compress.c_HUF_optimalTableLog.ll/Os.o
Oz,34,/home/calebe/Downloads/geração_de_prompt_label/Resultados_opt_niveis/Resultados extr_huf_compress.c_HUF_optimalTableLog.ll/Oz.o
