otimizacao,dec_bytes,arquivo_o
O1,72,/home/calebe/Downloads/geração_de_prompt_label/Resultados_opt_niveis/Resultados extr_adt7410.c_adt7410_i2c_write_word.ll/O1.o
O2,72,/home/calebe/Downloads/geração_de_prompt_label/Resultados_opt_niveis/Resultados extr_adt7410.c_adt7410_i2c_write_word.ll/O2.o
O3,72,/home/calebe/Downloads/geração_de_prompt_label/Resultados_opt_niveis/Resultados extr_adt7410.c_adt7410_i2c_write_word.ll/O3.o
Os,72,/home/calebe/Downloads/geração_de_prompt_label/Resultados_opt_niveis/Resultados extr_adt7410.c_adt7410_i2c_write_word.ll/Os.o
Oz,72,/home/calebe/Downloads/geração_de_prompt_label/Resultados_opt_niveis/Resultados extr_adt7410.c_adt7410_i2c_write_word.ll/Oz.o
