otimizacao,dec_bytes,arquivo_o
O1,106,/home/calebe/Downloads/geração_de_prompt_label/Resultados_opt_niveis/Resultados extr_rts5260.c_rtsx_base_disable_auto_blink.ll/O1.o
O2,106,/home/calebe/Downloads/geração_de_prompt_label/Resultados_opt_niveis/Resultados extr_rts5260.c_rtsx_base_disable_auto_blink.ll/O2.o
O3,106,/home/calebe/Downloads/geração_de_prompt_label/Resultados_opt_niveis/Resultados extr_rts5260.c_rtsx_base_disable_auto_blink.ll/O3.o
Os,106,/home/calebe/Downloads/geração_de_prompt_label/Resultados_opt_niveis/Resultados extr_rts5260.c_rtsx_base_disable_auto_blink.ll/Os.o
Oz,106,/home/calebe/Downloads/geração_de_prompt_label/Resultados_opt_niveis/Resultados extr_rts5260.c_rtsx_base_disable_auto_blink.ll/Oz.o
