otimizacao,dec_bytes,arquivo_o
O1,304,/home/calebe/Downloads/geração_de_prompt_label/Resultados_opt_niveis/Resultados extr_qlcnic_83xx_init.c_qlcnic_83xx_take_eport_out_of_reset.ll/O1.o
O2,304,/home/calebe/Downloads/geração_de_prompt_label/Resultados_opt_niveis/Resultados extr_qlcnic_83xx_init.c_qlcnic_83xx_take_eport_out_of_reset.ll/O2.o
O3,304,/home/calebe/Downloads/geração_de_prompt_label/Resultados_opt_niveis/Resultados extr_qlcnic_83xx_init.c_qlcnic_83xx_take_eport_out_of_reset.ll/O3.o
Os,304,/home/calebe/Downloads/geração_de_prompt_label/Resultados_opt_niveis/Resultados extr_qlcnic_83xx_init.c_qlcnic_83xx_take_eport_out_of_reset.ll/Os.o
Oz,304,/home/calebe/Downloads/geração_de_prompt_label/Resultados_opt_niveis/Resultados extr_qlcnic_83xx_init.c_qlcnic_83xx_take_eport_out_of_reset.ll/Oz.o
