otimizacao,dec_bytes,arquivo_o
O1,274,/home/calebe/Downloads/geração_de_prompt_label/Resultados_opt_niveis/Resultados extr_vlynq.c_vlynq_set_remote_irq.ll/O1.o
O2,274,/home/calebe/Downloads/geração_de_prompt_label/Resultados_opt_niveis/Resultados extr_vlynq.c_vlynq_set_remote_irq.ll/O2.o
O3,274,/home/calebe/Downloads/geração_de_prompt_label/Resultados_opt_niveis/Resultados extr_vlynq.c_vlynq_set_remote_irq.ll/O3.o
Os,274,/home/calebe/Downloads/geração_de_prompt_label/Resultados_opt_niveis/Resultados extr_vlynq.c_vlynq_set_remote_irq.ll/Os.o
Oz,274,/home/calebe/Downloads/geração_de_prompt_label/Resultados_opt_niveis/Resultados extr_vlynq.c_vlynq_set_remote_irq.ll/Oz.o
