otimizacao,dec_bytes,arquivo_o
O1,116,/home/calebe/Downloads/geração_de_prompt_label/Resultados_opt_niveis/Resultados extr_fs.c_sys_chown32.ll/O1.o
O2,116,/home/calebe/Downloads/geração_de_prompt_label/Resultados_opt_niveis/Resultados extr_fs.c_sys_chown32.ll/O2.o
O3,116,/home/calebe/Downloads/geração_de_prompt_label/Resultados_opt_niveis/Resultados extr_fs.c_sys_chown32.ll/O3.o
Os,116,/home/calebe/Downloads/geração_de_prompt_label/Resultados_opt_niveis/Resultados extr_fs.c_sys_chown32.ll/Os.o
Oz,116,/home/calebe/Downloads/geração_de_prompt_label/Resultados_opt_niveis/Resultados extr_fs.c_sys_chown32.ll/Oz.o
