otimizacao,dec_bytes,arquivo_o
O1,80,/home/calebe/Downloads/geração_de_prompt_label/Resultados_opt_niveis/Resultados extr_event.c_event_base_assert_ok_.ll/O1.o
O2,80,/home/calebe/Downloads/geração_de_prompt_label/Resultados_opt_niveis/Resultados extr_event.c_event_base_assert_ok_.ll/O2.o
O3,80,/home/calebe/Downloads/geração_de_prompt_label/Resultados_opt_niveis/Resultados extr_event.c_event_base_assert_ok_.ll/O3.o
Os,80,/home/calebe/Downloads/geração_de_prompt_label/Resultados_opt_niveis/Resultados extr_event.c_event_base_assert_ok_.ll/Os.o
Oz,80,/home/calebe/Downloads/geração_de_prompt_label/Resultados_opt_niveis/Resultados extr_event.c_event_base_assert_ok_.ll/Oz.o
