otimizacao,dec_bytes,arquivo_o
O1,18,/home/calebe/Downloads/geração_de_prompt_label/Resultados_opt_niveis/Resultados extr_timekeeping_internal.h_clocksource_delta.ll/O1.o
O2,18,/home/calebe/Downloads/geração_de_prompt_label/Resultados_opt_niveis/Resultados extr_timekeeping_internal.h_clocksource_delta.ll/O2.o
O3,18,/home/calebe/Downloads/geração_de_prompt_label/Resultados_opt_niveis/Resultados extr_timekeeping_internal.h_clocksource_delta.ll/O3.o
Os,18,/home/calebe/Downloads/geração_de_prompt_label/Resultados_opt_niveis/Resultados extr_timekeeping_internal.h_clocksource_delta.ll/Os.o
Oz,18,/home/calebe/Downloads/geração_de_prompt_label/Resultados_opt_niveis/Resultados extr_timekeeping_internal.h_clocksource_delta.ll/Oz.o
