otimizacao,dec_bytes,arquivo_o
O1,56,/home/calebe/Downloads/geração_de_prompt_label/Resultados_opt_niveis/Resultados extr_stackmap.c_stack_map_use_build_id.ll/O1.o
O2,56,/home/calebe/Downloads/geração_de_prompt_label/Resultados_opt_niveis/Resultados extr_stackmap.c_stack_map_use_build_id.ll/O2.o
O3,56,/home/calebe/Downloads/geração_de_prompt_label/Resultados_opt_niveis/Resultados extr_stackmap.c_stack_map_use_build_id.ll/O3.o
Os,56,/home/calebe/Downloads/geração_de_prompt_label/Resultados_opt_niveis/Resultados extr_stackmap.c_stack_map_use_build_id.ll/Os.o
Oz,56,/home/calebe/Downloads/geração_de_prompt_label/Resultados_opt_niveis/Resultados extr_stackmap.c_stack_map_use_build_id.ll/Oz.o
