otimizacao,dec_bytes,arquivo_o
O1,60,/home/calebe/Downloads/geração_de_prompt_label/Resultados_opt_niveis/Resultados extr_industrialio-buffer.c_iio_device_attach_buffer.ll/O1.o
O2,60,/home/calebe/Downloads/geração_de_prompt_label/Resultados_opt_niveis/Resultados extr_industrialio-buffer.c_iio_device_attach_buffer.ll/O2.o
O3,60,/home/calebe/Downloads/geração_de_prompt_label/Resultados_opt_niveis/Resultados extr_industrialio-buffer.c_iio_device_attach_buffer.ll/O3.o
Os,60,/home/calebe/Downloads/geração_de_prompt_label/Resultados_opt_niveis/Resultados extr_industrialio-buffer.c_iio_device_attach_buffer.ll/Os.o
Oz,60,/home/calebe/Downloads/geração_de_prompt_label/Resultados_opt_niveis/Resultados extr_industrialio-buffer.c_iio_device_attach_buffer.ll/Oz.o
