otimizacao,dec_bytes,arquivo_o
O1,184,/home/calebe/Downloads/geração_de_prompt_label/Resultados_opt_niveis/Resultados extr_pcie-altera.c_tlp_write_tx.ll/O1.o
O2,184,/home/calebe/Downloads/geração_de_prompt_label/Resultados_opt_niveis/Resultados extr_pcie-altera.c_tlp_write_tx.ll/O2.o
O3,184,/home/calebe/Downloads/geração_de_prompt_label/Resultados_opt_niveis/Resultados extr_pcie-altera.c_tlp_write_tx.ll/O3.o
Os,184,/home/calebe/Downloads/geração_de_prompt_label/Resultados_opt_niveis/Resultados extr_pcie-altera.c_tlp_write_tx.ll/Os.o
Oz,184,/home/calebe/Downloads/geração_de_prompt_label/Resultados_opt_niveis/Resultados extr_pcie-altera.c_tlp_write_tx.ll/Oz.o
