otimizacao,dec_bytes,arquivo_o
O1,84,/home/calebe/Downloads/geração_de_prompt_label/Resultados_opt_niveis/Resultados extr_evp_lib.c_EVP_MD_meth_set_result_size.ll/O1.o
O2,84,/home/calebe/Downloads/geração_de_prompt_label/Resultados_opt_niveis/Resultados extr_evp_lib.c_EVP_MD_meth_set_result_size.ll/O2.o
O3,84,/home/calebe/Downloads/geração_de_prompt_label/Resultados_opt_niveis/Resultados extr_evp_lib.c_EVP_MD_meth_set_result_size.ll/O3.o
Os,84,/home/calebe/Downloads/geração_de_prompt_label/Resultados_opt_niveis/Resultados extr_evp_lib.c_EVP_MD_meth_set_result_size.ll/Os.o
Oz,84,/home/calebe/Downloads/geração_de_prompt_label/Resultados_opt_niveis/Resultados extr_evp_lib.c_EVP_MD_meth_set_result_size.ll/Oz.o
