otimizacao,dec_bytes,arquivo_o
O1,102,/home/calebe/Downloads/geração_de_prompt_label/Resultados_opt_niveis/Resultados extr_iwl-eeprom-read.c_iwl_set_otp_access_absolute.ll/O1.o
O2,102,/home/calebe/Downloads/geração_de_prompt_label/Resultados_opt_niveis/Resultados extr_iwl-eeprom-read.c_iwl_set_otp_access_absolute.ll/O2.o
O3,102,/home/calebe/Downloads/geração_de_prompt_label/Resultados_opt_niveis/Resultados extr_iwl-eeprom-read.c_iwl_set_otp_access_absolute.ll/O3.o
Os,102,/home/calebe/Downloads/geração_de_prompt_label/Resultados_opt_niveis/Resultados extr_iwl-eeprom-read.c_iwl_set_otp_access_absolute.ll/Os.o
Oz,102,/home/calebe/Downloads/geração_de_prompt_label/Resultados_opt_niveis/Resultados extr_iwl-eeprom-read.c_iwl_set_otp_access_absolute.ll/Oz.o
