otimizacao,dec_bytes,arquivo_o
O1,128,/home/calebe/Downloads/geração_de_prompt_label/Resultados_opt_niveis/Resultados extr_minilua.c_lua_pushlstring.ll/O1.o
O2,128,/home/calebe/Downloads/geração_de_prompt_label/Resultados_opt_niveis/Resultados extr_minilua.c_lua_pushlstring.ll/O2.o
O3,128,/home/calebe/Downloads/geração_de_prompt_label/Resultados_opt_niveis/Resultados extr_minilua.c_lua_pushlstring.ll/O3.o
Os,128,/home/calebe/Downloads/geração_de_prompt_label/Resultados_opt_niveis/Resultados extr_minilua.c_lua_pushlstring.ll/Os.o
Oz,128,/home/calebe/Downloads/geração_de_prompt_label/Resultados_opt_niveis/Resultados extr_minilua.c_lua_pushlstring.ll/Oz.o
