otimizacao,dec_bytes,arquivo_o
O1,0,/home/calebe/Downloads/geração_de_prompt_label/Resultados_opt_niveis/Resultados extr_asn1_lib.c_ASN1_STRING_new.ll/O1.o
O2,0,/home/calebe/Downloads/geração_de_prompt_label/Resultados_opt_niveis/Resultados extr_asn1_lib.c_ASN1_STRING_new.ll/O2.o
O3,0,/home/calebe/Downloads/geração_de_prompt_label/Resultados_opt_niveis/Resultados extr_asn1_lib.c_ASN1_STRING_new.ll/O3.o
Os,0,/home/calebe/Downloads/geração_de_prompt_label/Resultados_opt_niveis/Resultados extr_asn1_lib.c_ASN1_STRING_new.ll/Os.o
Oz,0,/home/calebe/Downloads/geração_de_prompt_label/Resultados_opt_niveis/Resultados extr_asn1_lib.c_ASN1_STRING_new.ll/Oz.o
