otimizacao,dec_bytes,arquivo_o
O1,104,/home/calebe/Downloads/geração_de_prompt_label/Resultados_opt_niveis/Resultados extr_HTTP.c_NewHttpHeader.ll/O1.o
O2,104,/home/calebe/Downloads/geração_de_prompt_label/Resultados_opt_niveis/Resultados extr_HTTP.c_NewHttpHeader.ll/O2.o
O3,104,/home/calebe/Downloads/geração_de_prompt_label/Resultados_opt_niveis/Resultados extr_HTTP.c_NewHttpHeader.ll/O3.o
Os,104,/home/calebe/Downloads/geração_de_prompt_label/Resultados_opt_niveis/Resultados extr_HTTP.c_NewHttpHeader.ll/Os.o
Oz,104,/home/calebe/Downloads/geração_de_prompt_label/Resultados_opt_niveis/Resultados extr_HTTP.c_NewHttpHeader.ll/Oz.o
