otimizacao,dec_bytes,arquivo_o
O1,46,/home/calebe/Downloads/geração_de_prompt_label/Resultados_opt_niveis/Resultados extr_bfa_svc.c_bfa_fcport_start.ll/O1.o
O2,46,/home/calebe/Downloads/geração_de_prompt_label/Resultados_opt_niveis/Resultados extr_bfa_svc.c_bfa_fcport_start.ll/O2.o
O3,46,/home/calebe/Downloads/geração_de_prompt_label/Resultados_opt_niveis/Resultados extr_bfa_svc.c_bfa_fcport_start.ll/O3.o
Os,46,/home/calebe/Downloads/geração_de_prompt_label/Resultados_opt_niveis/Resultados extr_bfa_svc.c_bfa_fcport_start.ll/Os.o
Oz,46,/home/calebe/Downloads/geração_de_prompt_label/Resultados_opt_niveis/Resultados extr_bfa_svc.c_bfa_fcport_start.ll/Oz.o
