otimizacao,dec_bytes,arquivo_o
O1,58,/home/calebe/Downloads/geração_de_prompt_label/Resultados_opt_niveis/Resultados extr_aops.c_gfs2_writepages.ll/O1.o
O2,58,/home/calebe/Downloads/geração_de_prompt_label/Resultados_opt_niveis/Resultados extr_aops.c_gfs2_writepages.ll/O2.o
O3,58,/home/calebe/Downloads/geração_de_prompt_label/Resultados_opt_niveis/Resultados extr_aops.c_gfs2_writepages.ll/O3.o
Os,58,/home/calebe/Downloads/geração_de_prompt_label/Resultados_opt_niveis/Resultados extr_aops.c_gfs2_writepages.ll/Os.o
Oz,58,/home/calebe/Downloads/geração_de_prompt_label/Resultados_opt_niveis/Resultados extr_aops.c_gfs2_writepages.ll/Oz.o
