otimizacao,dec_bytes,arquivo_o
O1,106,/home/calebe/Downloads/geração_de_prompt_label/Resultados_opt_niveis/Resultados extr_hn_nvs.c_hn_nvs_send_rndis_ctrl.ll/O1.o
O2,106,/home/calebe/Downloads/geração_de_prompt_label/Resultados_opt_niveis/Resultados extr_hn_nvs.c_hn_nvs_send_rndis_ctrl.ll/O2.o
O3,106,/home/calebe/Downloads/geração_de_prompt_label/Resultados_opt_niveis/Resultados extr_hn_nvs.c_hn_nvs_send_rndis_ctrl.ll/O3.o
Os,106,/home/calebe/Downloads/geração_de_prompt_label/Resultados_opt_niveis/Resultados extr_hn_nvs.c_hn_nvs_send_rndis_ctrl.ll/Os.o
Oz,106,/home/calebe/Downloads/geração_de_prompt_label/Resultados_opt_niveis/Resultados extr_hn_nvs.c_hn_nvs_send_rndis_ctrl.ll/Oz.o
