otimizacao,dec_bytes,arquivo_o
O1,122,/home/calebe/Downloads/geração_de_prompt_label/Resultados_opt_niveis/Resultados extr_r8169.c_rtl_w1w0_phy_ocp.ll/O1.o
O2,122,/home/calebe/Downloads/geração_de_prompt_label/Resultados_opt_niveis/Resultados extr_r8169.c_rtl_w1w0_phy_ocp.ll/O2.o
O3,122,/home/calebe/Downloads/geração_de_prompt_label/Resultados_opt_niveis/Resultados extr_r8169.c_rtl_w1w0_phy_ocp.ll/O3.o
Os,122,/home/calebe/Downloads/geração_de_prompt_label/Resultados_opt_niveis/Resultados extr_r8169.c_rtl_w1w0_phy_ocp.ll/Os.o
Oz,122,/home/calebe/Downloads/geração_de_prompt_label/Resultados_opt_niveis/Resultados extr_r8169.c_rtl_w1w0_phy_ocp.ll/Oz.o
