otimizacao,dec_bytes,arquivo_o
O1,60,/home/calebe/Downloads/geração_de_prompt_label/Resultados_opt_niveis/Resultados extr_mac_pipe.c_mac_pipe_label_free.ll/O1.o
O2,60,/home/calebe/Downloads/geração_de_prompt_label/Resultados_opt_niveis/Resultados extr_mac_pipe.c_mac_pipe_label_free.ll/O2.o
O3,60,/home/calebe/Downloads/geração_de_prompt_label/Resultados_opt_niveis/Resultados extr_mac_pipe.c_mac_pipe_label_free.ll/O3.o
Os,60,/home/calebe/Downloads/geração_de_prompt_label/Resultados_opt_niveis/Resultados extr_mac_pipe.c_mac_pipe_label_free.ll/Os.o
Oz,60,/home/calebe/Downloads/geração_de_prompt_label/Resultados_opt_niveis/Resultados extr_mac_pipe.c_mac_pipe_label_free.ll/Oz.o
