otimizacao,dec_bytes,arquivo_o
O1,88,/home/calebe/Downloads/geração_de_prompt_label/Resultados_opt_niveis/Resultados extr_stm32-booster.c_stm32mp1_booster_disable.ll/O1.o
O2,88,/home/calebe/Downloads/geração_de_prompt_label/Resultados_opt_niveis/Resultados extr_stm32-booster.c_stm32mp1_booster_disable.ll/O2.o
O3,88,/home/calebe/Downloads/geração_de_prompt_label/Resultados_opt_niveis/Resultados extr_stm32-booster.c_stm32mp1_booster_disable.ll/O3.o
Os,88,/home/calebe/Downloads/geração_de_prompt_label/Resultados_opt_niveis/Resultados extr_stm32-booster.c_stm32mp1_booster_disable.ll/Os.o
Oz,88,/home/calebe/Downloads/geração_de_prompt_label/Resultados_opt_niveis/Resultados extr_stm32-booster.c_stm32mp1_booster_disable.ll/Oz.o
