otimizacao,dec_bytes,arquivo_o
O1,28,/home/calebe/Downloads/geração_de_prompt_label/Resultados_opt_niveis/Resultados extr_bn_intern.c_bn_get_top.ll/O1.o
O2,28,/home/calebe/Downloads/geração_de_prompt_label/Resultados_opt_niveis/Resultados extr_bn_intern.c_bn_get_top.ll/O2.o
O3,28,/home/calebe/Downloads/geração_de_prompt_label/Resultados_opt_niveis/Resultados extr_bn_intern.c_bn_get_top.ll/O3.o
Os,28,/home/calebe/Downloads/geração_de_prompt_label/Resultados_opt_niveis/Resultados extr_bn_intern.c_bn_get_top.ll/Os.o
Oz,28,/home/calebe/Downloads/geração_de_prompt_label/Resultados_opt_niveis/Resultados extr_bn_intern.c_bn_get_top.ll/Oz.o
