otimizacao,dec_bytes,arquivo_o
O1,182,/home/calebe/Downloads/geração_de_prompt_label/Resultados_opt_niveis/Resultados extr_soc_rt3050.c_rt5350_rxcsum_config.ll/O1.o
O2,182,/home/calebe/Downloads/geração_de_prompt_label/Resultados_opt_niveis/Resultados extr_soc_rt3050.c_rt5350_rxcsum_config.ll/O2.o
O3,182,/home/calebe/Downloads/geração_de_prompt_label/Resultados_opt_niveis/Resultados extr_soc_rt3050.c_rt5350_rxcsum_config.ll/O3.o
Os,182,/home/calebe/Downloads/geração_de_prompt_label/Resultados_opt_niveis/Resultados extr_soc_rt3050.c_rt5350_rxcsum_config.ll/Os.o
Oz,182,/home/calebe/Downloads/geração_de_prompt_label/Resultados_opt_niveis/Resultados extr_soc_rt3050.c_rt5350_rxcsum_config.ll/Oz.o
