otimizacao,dec_bytes,arquivo_o
O1,74,/home/calebe/Downloads/geração_de_prompt_label/Resultados_opt_niveis/Resultados extr_menu_cbs_title.c_action_get_title_dropdown_playlist_right_thumbnail_mode_item.ll/O1.o
O2,74,/home/calebe/Downloads/geração_de_prompt_label/Resultados_opt_niveis/Resultados extr_menu_cbs_title.c_action_get_title_dropdown_playlist_right_thumbnail_mode_item.ll/O2.o
O3,74,/home/calebe/Downloads/geração_de_prompt_label/Resultados_opt_niveis/Resultados extr_menu_cbs_title.c_action_get_title_dropdown_playlist_right_thumbnail_mode_item.ll/O3.o
Os,74,/home/calebe/Downloads/geração_de_prompt_label/Resultados_opt_niveis/Resultados extr_menu_cbs_title.c_action_get_title_dropdown_playlist_right_thumbnail_mode_item.ll/Os.o
Oz,74,/home/calebe/Downloads/geração_de_prompt_label/Resultados_opt_niveis/Resultados extr_menu_cbs_title.c_action_get_title_dropdown_playlist_right_thumbnail_mode_item.ll/Oz.o
