otimizacao,dec_bytes,arquivo_o
O1,40,/home/calebe/Downloads/geração_de_prompt_label/Resultados_opt_niveis/Resultados extr_virtgpu_display.c_virtio_gpu_crtc_atomic_check.ll/O1.o
O2,40,/home/calebe/Downloads/geração_de_prompt_label/Resultados_opt_niveis/Resultados extr_virtgpu_display.c_virtio_gpu_crtc_atomic_check.ll/O2.o
O3,40,/home/calebe/Downloads/geração_de_prompt_label/Resultados_opt_niveis/Resultados extr_virtgpu_display.c_virtio_gpu_crtc_atomic_check.ll/O3.o
Os,40,/home/calebe/Downloads/geração_de_prompt_label/Resultados_opt_niveis/Resultados extr_virtgpu_display.c_virtio_gpu_crtc_atomic_check.ll/Os.o
Oz,40,/home/calebe/Downloads/geração_de_prompt_label/Resultados_opt_niveis/Resultados extr_virtgpu_display.c_virtio_gpu_crtc_atomic_check.ll/Oz.o
