otimizacao,dec_bytes,arquivo_o
O1,26,/home/calebe/Downloads/geração_de_prompt_label/Resultados_opt_niveis/Resultados extr_kvm_main.c_kvm_release_page_dirty.ll/O1.o
O2,26,/home/calebe/Downloads/geração_de_prompt_label/Resultados_opt_niveis/Resultados extr_kvm_main.c_kvm_release_page_dirty.ll/O2.o
O3,26,/home/calebe/Downloads/geração_de_prompt_label/Resultados_opt_niveis/Resultados extr_kvm_main.c_kvm_release_page_dirty.ll/O3.o
Os,26,/home/calebe/Downloads/geração_de_prompt_label/Resultados_opt_niveis/Resultados extr_kvm_main.c_kvm_release_page_dirty.ll/Os.o
Oz,26,/home/calebe/Downloads/geração_de_prompt_label/Resultados_opt_niveis/Resultados extr_kvm_main.c_kvm_release_page_dirty.ll/Oz.o
