otimizacao,dec_bytes,arquivo_o
O1,760,/home/calebe/Downloads/geração_de_prompt_label/Resultados_opt_niveis/Resultados extr_matroskaenc.c_mkv_check_tag_name.ll/O1.o
O2,760,/home/calebe/Downloads/geração_de_prompt_label/Resultados_opt_niveis/Resultados extr_matroskaenc.c_mkv_check_tag_name.ll/O2.o
O3,760,/home/calebe/Downloads/geração_de_prompt_label/Resultados_opt_niveis/Resultados extr_matroskaenc.c_mkv_check_tag_name.ll/O3.o
Os,760,/home/calebe/Downloads/geração_de_prompt_label/Resultados_opt_niveis/Resultados extr_matroskaenc.c_mkv_check_tag_name.ll/Os.o
Oz,760,/home/calebe/Downloads/geração_de_prompt_label/Resultados_opt_niveis/Resultados extr_matroskaenc.c_mkv_check_tag_name.ll/Oz.o
