otimizacao,dec_bytes,arquivo_o
O1,206,/home/calebe/Downloads/geração_de_prompt_label/Resultados_opt_niveis/Resultados extr_connect.c_cifs_set_vol_auth.ll/O1.o
O2,206,/home/calebe/Downloads/geração_de_prompt_label/Resultados_opt_niveis/Resultados extr_connect.c_cifs_set_vol_auth.ll/O2.o
O3,206,/home/calebe/Downloads/geração_de_prompt_label/Resultados_opt_niveis/Resultados extr_connect.c_cifs_set_vol_auth.ll/O3.o
Os,206,/home/calebe/Downloads/geração_de_prompt_label/Resultados_opt_niveis/Resultados extr_connect.c_cifs_set_vol_auth.ll/Os.o
Oz,206,/home/calebe/Downloads/geração_de_prompt_label/Resultados_opt_niveis/Resultados extr_connect.c_cifs_set_vol_auth.ll/Oz.o
