otimizacao,dec_bytes,arquivo_o
O1,98,/home/calebe/Downloads/geração_de_prompt_label/Resultados_opt_niveis/Resultados extr_cipher.c_ahash_hmac_finup.ll/O1.o
O2,98,/home/calebe/Downloads/geração_de_prompt_label/Resultados_opt_niveis/Resultados extr_cipher.c_ahash_hmac_finup.ll/O2.o
O3,98,/home/calebe/Downloads/geração_de_prompt_label/Resultados_opt_niveis/Resultados extr_cipher.c_ahash_hmac_finup.ll/O3.o
Os,98,/home/calebe/Downloads/geração_de_prompt_label/Resultados_opt_niveis/Resultados extr_cipher.c_ahash_hmac_finup.ll/Os.o
Oz,98,/home/calebe/Downloads/geração_de_prompt_label/Resultados_opt_niveis/Resultados extr_cipher.c_ahash_hmac_finup.ll/Oz.o
