otimizacao,dec_bytes,arquivo_o
O1,82,/home/calebe/Downloads/geração_de_prompt_label/Resultados_opt_niveis/Resultados extr_tetrahedron.c_TH_FindOrCreateEdge.ll/O1.o
O2,82,/home/calebe/Downloads/geração_de_prompt_label/Resultados_opt_niveis/Resultados extr_tetrahedron.c_TH_FindOrCreateEdge.ll/O2.o
O3,82,/home/calebe/Downloads/geração_de_prompt_label/Resultados_opt_niveis/Resultados extr_tetrahedron.c_TH_FindOrCreateEdge.ll/O3.o
Os,82,/home/calebe/Downloads/geração_de_prompt_label/Resultados_opt_niveis/Resultados extr_tetrahedron.c_TH_FindOrCreateEdge.ll/Os.o
Oz,82,/home/calebe/Downloads/geração_de_prompt_label/Resultados_opt_niveis/Resultados extr_tetrahedron.c_TH_FindOrCreateEdge.ll/Oz.o
