otimizacao,dec_bytes,arquivo_o
O1,88,/home/calebe/Downloads/geração_de_prompt_label/Resultados_opt_niveis/Resultados extr_btmutex.c_sqlite3BtreeEnterAll.ll/O1.o
O2,88,/home/calebe/Downloads/geração_de_prompt_label/Resultados_opt_niveis/Resultados extr_btmutex.c_sqlite3BtreeEnterAll.ll/O2.o
O3,88,/home/calebe/Downloads/geração_de_prompt_label/Resultados_opt_niveis/Resultados extr_btmutex.c_sqlite3BtreeEnterAll.ll/O3.o
Os,88,/home/calebe/Downloads/geração_de_prompt_label/Resultados_opt_niveis/Resultados extr_btmutex.c_sqlite3BtreeEnterAll.ll/Os.o
Oz,88,/home/calebe/Downloads/geração_de_prompt_label/Resultados_opt_niveis/Resultados extr_btmutex.c_sqlite3BtreeEnterAll.ll/Oz.o
