otimizacao,dec_bytes,arquivo_o
O1,214,/home/calebe/Downloads/geração_de_prompt_label/Resultados_opt_niveis/Resultados extr_open.c_stream_open.ll/O1.o
O2,214,/home/calebe/Downloads/geração_de_prompt_label/Resultados_opt_niveis/Resultados extr_open.c_stream_open.ll/O2.o
O3,214,/home/calebe/Downloads/geração_de_prompt_label/Resultados_opt_niveis/Resultados extr_open.c_stream_open.ll/O3.o
Os,214,/home/calebe/Downloads/geração_de_prompt_label/Resultados_opt_niveis/Resultados extr_open.c_stream_open.ll/Os.o
Oz,214,/home/calebe/Downloads/geração_de_prompt_label/Resultados_opt_niveis/Resultados extr_open.c_stream_open.ll/Oz.o
