otimizacao,dec_bytes,arquivo_o
O1,22,/home/calebe/Downloads/geração_de_prompt_label/Resultados_opt_niveis/Resultados extr_iwcm.c_iw_destroy_cm_id.ll/O1.o
O2,22,/home/calebe/Downloads/geração_de_prompt_label/Resultados_opt_niveis/Resultados extr_iwcm.c_iw_destroy_cm_id.ll/O2.o
O3,22,/home/calebe/Downloads/geração_de_prompt_label/Resultados_opt_niveis/Resultados extr_iwcm.c_iw_destroy_cm_id.ll/O3.o
Os,22,/home/calebe/Downloads/geração_de_prompt_label/Resultados_opt_niveis/Resultados extr_iwcm.c_iw_destroy_cm_id.ll/Os.o
Oz,22,/home/calebe/Downloads/geração_de_prompt_label/Resultados_opt_niveis/Resultados extr_iwcm.c_iw_destroy_cm_id.ll/Oz.o
