otimizacao,dec_bytes,arquivo_o
O1,106,/home/calebe/Downloads/geração_de_prompt_label/Resultados_opt_niveis/Resultados extr_toshiba_acpi.c_keys_proc_open.ll/O1.o
O2,106,/home/calebe/Downloads/geração_de_prompt_label/Resultados_opt_niveis/Resultados extr_toshiba_acpi.c_keys_proc_open.ll/O2.o
O3,106,/home/calebe/Downloads/geração_de_prompt_label/Resultados_opt_niveis/Resultados extr_toshiba_acpi.c_keys_proc_open.ll/O3.o
Os,106,/home/calebe/Downloads/geração_de_prompt_label/Resultados_opt_niveis/Resultados extr_toshiba_acpi.c_keys_proc_open.ll/Os.o
Oz,106,/home/calebe/Downloads/geração_de_prompt_label/Resultados_opt_niveis/Resultados extr_toshiba_acpi.c_keys_proc_open.ll/Oz.o
