otimizacao,dec_bytes,arquivo_o
O1,42,/home/calebe/Downloads/geração_de_prompt_label/Resultados_opt_niveis/Resultados extr_tg3.c_tg3_txcpu_pause.ll/O1.o
O2,42,/home/calebe/Downloads/geração_de_prompt_label/Resultados_opt_niveis/Resultados extr_tg3.c_tg3_txcpu_pause.ll/O2.o
O3,42,/home/calebe/Downloads/geração_de_prompt_label/Resultados_opt_niveis/Resultados extr_tg3.c_tg3_txcpu_pause.ll/O3.o
Os,42,/home/calebe/Downloads/geração_de_prompt_label/Resultados_opt_niveis/Resultados extr_tg3.c_tg3_txcpu_pause.ll/Os.o
Oz,42,/home/calebe/Downloads/geração_de_prompt_label/Resultados_opt_niveis/Resultados extr_tg3.c_tg3_txcpu_pause.ll/Oz.o
