otimizacao,dec_bytes,arquivo_o
O1,204,/home/calebe/Downloads/geração_de_prompt_label/Resultados_opt_niveis/Resultados extr_cmi8328.c_snd_cmi8328_cfg_read.ll/O1.o
O2,204,/home/calebe/Downloads/geração_de_prompt_label/Resultados_opt_niveis/Resultados extr_cmi8328.c_snd_cmi8328_cfg_read.ll/O2.o
O3,204,/home/calebe/Downloads/geração_de_prompt_label/Resultados_opt_niveis/Resultados extr_cmi8328.c_snd_cmi8328_cfg_read.ll/O3.o
Os,204,/home/calebe/Downloads/geração_de_prompt_label/Resultados_opt_niveis/Resultados extr_cmi8328.c_snd_cmi8328_cfg_read.ll/Os.o
Oz,204,/home/calebe/Downloads/geração_de_prompt_label/Resultados_opt_niveis/Resultados extr_cmi8328.c_snd_cmi8328_cfg_read.ll/Oz.o
