otimizacao,dec_bytes,arquivo_o
O1,100,/home/calebe/Downloads/geração_de_prompt_label/Resultados_opt_niveis/Resultados extr_bxe_elink.c_elink_e3b0_sp_get_pri_cli_reg_nig.ll/O1.o
O2,100,/home/calebe/Downloads/geração_de_prompt_label/Resultados_opt_niveis/Resultados extr_bxe_elink.c_elink_e3b0_sp_get_pri_cli_reg_nig.ll/O2.o
O3,100,/home/calebe/Downloads/geração_de_prompt_label/Resultados_opt_niveis/Resultados extr_bxe_elink.c_elink_e3b0_sp_get_pri_cli_reg_nig.ll/O3.o
Os,100,/home/calebe/Downloads/geração_de_prompt_label/Resultados_opt_niveis/Resultados extr_bxe_elink.c_elink_e3b0_sp_get_pri_cli_reg_nig.ll/Os.o
Oz,100,/home/calebe/Downloads/geração_de_prompt_label/Resultados_opt_niveis/Resultados extr_bxe_elink.c_elink_e3b0_sp_get_pri_cli_reg_nig.ll/Oz.o
