otimizacao,dec_bytes,arquivo_o
O1,224,/home/calebe/Downloads/geração_de_prompt_label/Resultados_opt_niveis/Resultados extr_super.c_ext4_group_desc_csum_verify.ll/O1.o
O2,224,/home/calebe/Downloads/geração_de_prompt_label/Resultados_opt_niveis/Resultados extr_super.c_ext4_group_desc_csum_verify.ll/O2.o
O3,224,/home/calebe/Downloads/geração_de_prompt_label/Resultados_opt_niveis/Resultados extr_super.c_ext4_group_desc_csum_verify.ll/O3.o
Os,224,/home/calebe/Downloads/geração_de_prompt_label/Resultados_opt_niveis/Resultados extr_super.c_ext4_group_desc_csum_verify.ll/Os.o
Oz,224,/home/calebe/Downloads/geração_de_prompt_label/Resultados_opt_niveis/Resultados extr_super.c_ext4_group_desc_csum_verify.ll/Oz.o
