otimizacao,dec_bytes,arquivo_o
O1,34,/home/calebe/Downloads/geração_de_prompt_label/Resultados_opt_niveis/Resultados extr_iwarp.h___mpa_rr_revision.ll/O1.o
O2,34,/home/calebe/Downloads/geração_de_prompt_label/Resultados_opt_niveis/Resultados extr_iwarp.h___mpa_rr_revision.ll/O2.o
O3,34,/home/calebe/Downloads/geração_de_prompt_label/Resultados_opt_niveis/Resultados extr_iwarp.h___mpa_rr_revision.ll/O3.o
Os,34,/home/calebe/Downloads/geração_de_prompt_label/Resultados_opt_niveis/Resultados extr_iwarp.h___mpa_rr_revision.ll/Os.o
Oz,34,/home/calebe/Downloads/geração_de_prompt_label/Resultados_opt_niveis/Resultados extr_iwarp.h___mpa_rr_revision.ll/Oz.o
