otimizacao,dec_bytes,arquivo_o
O1,40,/home/calebe/Downloads/geração_de_prompt_label/Resultados_opt_niveis/Resultados extr_ssb_private.h_ssb_pci_switch_core.ll/O1.o
O2,40,/home/calebe/Downloads/geração_de_prompt_label/Resultados_opt_niveis/Resultados extr_ssb_private.h_ssb_pci_switch_core.ll/O2.o
O3,40,/home/calebe/Downloads/geração_de_prompt_label/Resultados_opt_niveis/Resultados extr_ssb_private.h_ssb_pci_switch_core.ll/O3.o
Os,40,/home/calebe/Downloads/geração_de_prompt_label/Resultados_opt_niveis/Resultados extr_ssb_private.h_ssb_pci_switch_core.ll/Os.o
Oz,40,/home/calebe/Downloads/geração_de_prompt_label/Resultados_opt_niveis/Resultados extr_ssb_private.h_ssb_pci_switch_core.ll/Oz.o
