otimizacao,dec_bytes,arquivo_o
O1,122,/home/calebe/Downloads/geração_de_prompt_label/Resultados_opt_niveis/Resultados extr_renesas_sdhi_internal_dmac.c_renesas_sdhi_internal_dmac_dm_write.ll/O1.o
O2,122,/home/calebe/Downloads/geração_de_prompt_label/Resultados_opt_niveis/Resultados extr_renesas_sdhi_internal_dmac.c_renesas_sdhi_internal_dmac_dm_write.ll/O2.o
O3,122,/home/calebe/Downloads/geração_de_prompt_label/Resultados_opt_niveis/Resultados extr_renesas_sdhi_internal_dmac.c_renesas_sdhi_internal_dmac_dm_write.ll/O3.o
Os,122,/home/calebe/Downloads/geração_de_prompt_label/Resultados_opt_niveis/Resultados extr_renesas_sdhi_internal_dmac.c_renesas_sdhi_internal_dmac_dm_write.ll/Os.o
Oz,122,/home/calebe/Downloads/geração_de_prompt_label/Resultados_opt_niveis/Resultados extr_renesas_sdhi_internal_dmac.c_renesas_sdhi_internal_dmac_dm_write.ll/Oz.o
