otimizacao,dec_bytes,arquivo_o
O1,106,/home/calebe/Downloads/geração_de_prompt_label/Resultados_opt_niveis/Resultados extr_freezer.c_thaw_process.ll/O1.o
O2,106,/home/calebe/Downloads/geração_de_prompt_label/Resultados_opt_niveis/Resultados extr_freezer.c_thaw_process.ll/O2.o
O3,106,/home/calebe/Downloads/geração_de_prompt_label/Resultados_opt_niveis/Resultados extr_freezer.c_thaw_process.ll/O3.o
Os,106,/home/calebe/Downloads/geração_de_prompt_label/Resultados_opt_niveis/Resultados extr_freezer.c_thaw_process.ll/Os.o
Oz,106,/home/calebe/Downloads/geração_de_prompt_label/Resultados_opt_niveis/Resultados extr_freezer.c_thaw_process.ll/Oz.o
