otimizacao,dec_bytes,arquivo_o
O1,24,/home/calebe/Downloads/geração_de_prompt_label/Resultados_opt_niveis/Resultados extr_bnx2x_sriov.h_bnx2x_enable_sriov.ll/O1.o
O2,24,/home/calebe/Downloads/geração_de_prompt_label/Resultados_opt_niveis/Resultados extr_bnx2x_sriov.h_bnx2x_enable_sriov.ll/O2.o
O3,24,/home/calebe/Downloads/geração_de_prompt_label/Resultados_opt_niveis/Resultados extr_bnx2x_sriov.h_bnx2x_enable_sriov.ll/O3.o
Os,24,/home/calebe/Downloads/geração_de_prompt_label/Resultados_opt_niveis/Resultados extr_bnx2x_sriov.h_bnx2x_enable_sriov.ll/Os.o
Oz,24,/home/calebe/Downloads/geração_de_prompt_label/Resultados_opt_niveis/Resultados extr_bnx2x_sriov.h_bnx2x_enable_sriov.ll/Oz.o
