otimizacao,dec_bytes,arquivo_o
O1,36,/home/calebe/Downloads/geração_de_prompt_label/Resultados_opt_niveis/Resultados extr_smu8_smumgr.c_smu8_send_msg_to_smc.ll/O1.o
O2,36,/home/calebe/Downloads/geração_de_prompt_label/Resultados_opt_niveis/Resultados extr_smu8_smumgr.c_smu8_send_msg_to_smc.ll/O2.o
O3,36,/home/calebe/Downloads/geração_de_prompt_label/Resultados_opt_niveis/Resultados extr_smu8_smumgr.c_smu8_send_msg_to_smc.ll/O3.o
Os,36,/home/calebe/Downloads/geração_de_prompt_label/Resultados_opt_niveis/Resultados extr_smu8_smumgr.c_smu8_send_msg_to_smc.ll/Os.o
Oz,36,/home/calebe/Downloads/geração_de_prompt_label/Resultados_opt_niveis/Resultados extr_smu8_smumgr.c_smu8_send_msg_to_smc.ll/Oz.o
