otimizacao,dec_bytes,arquivo_o
O1,157,/home/calebe/Downloads/geração_de_prompt_label/Resultados_opt_niveis/Resultados extr_sanity.c_atf_sanity_post.ll/O1.o
O2,157,/home/calebe/Downloads/geração_de_prompt_label/Resultados_opt_niveis/Resultados extr_sanity.c_atf_sanity_post.ll/O2.o
O3,157,/home/calebe/Downloads/geração_de_prompt_label/Resultados_opt_niveis/Resultados extr_sanity.c_atf_sanity_post.ll/O3.o
Os,157,/home/calebe/Downloads/geração_de_prompt_label/Resultados_opt_niveis/Resultados extr_sanity.c_atf_sanity_post.ll/Os.o
Oz,157,/home/calebe/Downloads/geração_de_prompt_label/Resultados_opt_niveis/Resultados extr_sanity.c_atf_sanity_post.ll/Oz.o
