otimizacao,dec_bytes,arquivo_o
O1,181,/home/calebe/Downloads/geração_de_prompt_label/Resultados_opt_niveis/Resultados extr_memory.c_auto_online_blocks_show.ll/O1.o
O2,181,/home/calebe/Downloads/geração_de_prompt_label/Resultados_opt_niveis/Resultados extr_memory.c_auto_online_blocks_show.ll/O2.o
O3,181,/home/calebe/Downloads/geração_de_prompt_label/Resultados_opt_niveis/Resultados extr_memory.c_auto_online_blocks_show.ll/O3.o
Os,181,/home/calebe/Downloads/geração_de_prompt_label/Resultados_opt_niveis/Resultados extr_memory.c_auto_online_blocks_show.ll/Os.o
Oz,181,/home/calebe/Downloads/geração_de_prompt_label/Resultados_opt_niveis/Resultados extr_memory.c_auto_online_blocks_show.ll/Oz.o
