otimizacao,dec_bytes,arquivo_o
O1,48,/home/calebe/Downloads/geração_de_prompt_label/Resultados_opt_niveis/Resultados extr_..wifi.h_set_hal_start.ll/O1.o
O2,48,/home/calebe/Downloads/geração_de_prompt_label/Resultados_opt_niveis/Resultados extr_..wifi.h_set_hal_start.ll/O2.o
O3,48,/home/calebe/Downloads/geração_de_prompt_label/Resultados_opt_niveis/Resultados extr_..wifi.h_set_hal_start.ll/O3.o
Os,48,/home/calebe/Downloads/geração_de_prompt_label/Resultados_opt_niveis/Resultados extr_..wifi.h_set_hal_start.ll/Os.o
Oz,48,/home/calebe/Downloads/geração_de_prompt_label/Resultados_opt_niveis/Resultados extr_..wifi.h_set_hal_start.ll/Oz.o
