otimizacao,dec_bytes,arquivo_o
O1,68,/home/calebe/Downloads/geração_de_prompt_label/Resultados_opt_niveis/Resultados extr_sunsu.c_sunsu_verify_port.ll/O1.o
O2,68,/home/calebe/Downloads/geração_de_prompt_label/Resultados_opt_niveis/Resultados extr_sunsu.c_sunsu_verify_port.ll/O2.o
O3,68,/home/calebe/Downloads/geração_de_prompt_label/Resultados_opt_niveis/Resultados extr_sunsu.c_sunsu_verify_port.ll/O3.o
Os,68,/home/calebe/Downloads/geração_de_prompt_label/Resultados_opt_niveis/Resultados extr_sunsu.c_sunsu_verify_port.ll/Os.o
Oz,68,/home/calebe/Downloads/geração_de_prompt_label/Resultados_opt_niveis/Resultados extr_sunsu.c_sunsu_verify_port.ll/Oz.o
