otimizacao,dec_bytes,arquivo_o
O1,252,/home/calebe/Downloads/geração_de_prompt_label/Resultados_opt_niveis/Resultados extr_mlx4_port.c_mlx4_SET_PORT_wrapper.ll/O1.o
O2,252,/home/calebe/Downloads/geração_de_prompt_label/Resultados_opt_niveis/Resultados extr_mlx4_port.c_mlx4_SET_PORT_wrapper.ll/O2.o
O3,252,/home/calebe/Downloads/geração_de_prompt_label/Resultados_opt_niveis/Resultados extr_mlx4_port.c_mlx4_SET_PORT_wrapper.ll/O3.o
Os,252,/home/calebe/Downloads/geração_de_prompt_label/Resultados_opt_niveis/Resultados extr_mlx4_port.c_mlx4_SET_PORT_wrapper.ll/Os.o
Oz,252,/home/calebe/Downloads/geração_de_prompt_label/Resultados_opt_niveis/Resultados extr_mlx4_port.c_mlx4_SET_PORT_wrapper.ll/Oz.o
