otimizacao,dec_bytes,arquivo_o
O1,38,/home/calebe/Downloads/geração_de_prompt_label/Resultados_opt_niveis/Resultados extr_trace_events_hist.c_onmatch_create.ll/O1.o
O2,38,/home/calebe/Downloads/geração_de_prompt_label/Resultados_opt_niveis/Resultados extr_trace_events_hist.c_onmatch_create.ll/O2.o
O3,38,/home/calebe/Downloads/geração_de_prompt_label/Resultados_opt_niveis/Resultados extr_trace_events_hist.c_onmatch_create.ll/O3.o
Os,38,/home/calebe/Downloads/geração_de_prompt_label/Resultados_opt_niveis/Resultados extr_trace_events_hist.c_onmatch_create.ll/Os.o
Oz,38,/home/calebe/Downloads/geração_de_prompt_label/Resultados_opt_niveis/Resultados extr_trace_events_hist.c_onmatch_create.ll/Oz.o
