otimizacao,dec_bytes,arquivo_o
O1,354,/home/calebe/Downloads/geração_de_prompt_label/Resultados_opt_niveis/Resultados extr_lstate.c_luaE_setdebt.ll/O1.o
O2,354,/home/calebe/Downloads/geração_de_prompt_label/Resultados_opt_niveis/Resultados extr_lstate.c_luaE_setdebt.ll/O2.o
O3,354,/home/calebe/Downloads/geração_de_prompt_label/Resultados_opt_niveis/Resultados extr_lstate.c_luaE_setdebt.ll/O3.o
Os,354,/home/calebe/Downloads/geração_de_prompt_label/Resultados_opt_niveis/Resultados extr_lstate.c_luaE_setdebt.ll/Os.o
Oz,354,/home/calebe/Downloads/geração_de_prompt_label/Resultados_opt_niveis/Resultados extr_lstate.c_luaE_setdebt.ll/Oz.o
