otimizacao,dec_bytes,arquivo_o
O1,152,/home/calebe/Downloads/geração_de_prompt_label/Resultados_opt_niveis/Resultados extr_rs.c_get_num_of_ant_from_rate.ll/O1.o
O2,152,/home/calebe/Downloads/geração_de_prompt_label/Resultados_opt_niveis/Resultados extr_rs.c_get_num_of_ant_from_rate.ll/O2.o
O3,152,/home/calebe/Downloads/geração_de_prompt_label/Resultados_opt_niveis/Resultados extr_rs.c_get_num_of_ant_from_rate.ll/O3.o
Os,152,/home/calebe/Downloads/geração_de_prompt_label/Resultados_opt_niveis/Resultados extr_rs.c_get_num_of_ant_from_rate.ll/Os.o
Oz,152,/home/calebe/Downloads/geração_de_prompt_label/Resultados_opt_niveis/Resultados extr_rs.c_get_num_of_ant_from_rate.ll/Oz.o
