otimizacao,dec_bytes,arquivo_o
O1,124,/home/calebe/Downloads/geração_de_prompt_label/Resultados_opt_niveis/Resultados extr_main.c_speakup_lock.ll/O1.o
O2,124,/home/calebe/Downloads/geração_de_prompt_label/Resultados_opt_niveis/Resultados extr_main.c_speakup_lock.ll/O2.o
O3,124,/home/calebe/Downloads/geração_de_prompt_label/Resultados_opt_niveis/Resultados extr_main.c_speakup_lock.ll/O3.o
Os,124,/home/calebe/Downloads/geração_de_prompt_label/Resultados_opt_niveis/Resultados extr_main.c_speakup_lock.ll/Os.o
Oz,124,/home/calebe/Downloads/geração_de_prompt_label/Resultados_opt_niveis/Resultados extr_main.c_speakup_lock.ll/Oz.o
