otimizacao,dec_bytes,arquivo_o
O1,74,/home/calebe/Downloads/geração_de_prompt_label/Resultados_opt_niveis/Resultados extr_lgdt330x.c_lgdt330x_get_tune_settings.ll/O1.o
O2,74,/home/calebe/Downloads/geração_de_prompt_label/Resultados_opt_niveis/Resultados extr_lgdt330x.c_lgdt330x_get_tune_settings.ll/O2.o
O3,74,/home/calebe/Downloads/geração_de_prompt_label/Resultados_opt_niveis/Resultados extr_lgdt330x.c_lgdt330x_get_tune_settings.ll/O3.o
Os,74,/home/calebe/Downloads/geração_de_prompt_label/Resultados_opt_niveis/Resultados extr_lgdt330x.c_lgdt330x_get_tune_settings.ll/Os.o
Oz,74,/home/calebe/Downloads/geração_de_prompt_label/Resultados_opt_niveis/Resultados extr_lgdt330x.c_lgdt330x_get_tune_settings.ll/Oz.o
