otimizacao,dec_bytes,arquivo_o
O1,28,/home/calebe/Downloads/geração_de_prompt_label/Resultados_opt_niveis/Resultados extr_gl860-mi1320.c_mi1320_init_post_alt.ll/O1.o
O2,28,/home/calebe/Downloads/geração_de_prompt_label/Resultados_opt_niveis/Resultados extr_gl860-mi1320.c_mi1320_init_post_alt.ll/O2.o
O3,28,/home/calebe/Downloads/geração_de_prompt_label/Resultados_opt_niveis/Resultados extr_gl860-mi1320.c_mi1320_init_post_alt.ll/O3.o
Os,28,/home/calebe/Downloads/geração_de_prompt_label/Resultados_opt_niveis/Resultados extr_gl860-mi1320.c_mi1320_init_post_alt.ll/Os.o
Oz,28,/home/calebe/Downloads/geração_de_prompt_label/Resultados_opt_niveis/Resultados extr_gl860-mi1320.c_mi1320_init_post_alt.ll/Oz.o
