otimizacao,dec_bytes,arquivo_o
O1,26,/home/calebe/Downloads/geração_de_prompt_label/Resultados_opt_niveis/Resultados extr_gpio-104-idi-48.c_idi_48_gpio_get_direction.ll/O1.o
O2,26,/home/calebe/Downloads/geração_de_prompt_label/Resultados_opt_niveis/Resultados extr_gpio-104-idi-48.c_idi_48_gpio_get_direction.ll/O2.o
O3,26,/home/calebe/Downloads/geração_de_prompt_label/Resultados_opt_niveis/Resultados extr_gpio-104-idi-48.c_idi_48_gpio_get_direction.ll/O3.o
Os,26,/home/calebe/Downloads/geração_de_prompt_label/Resultados_opt_niveis/Resultados extr_gpio-104-idi-48.c_idi_48_gpio_get_direction.ll/Os.o
Oz,26,/home/calebe/Downloads/geração_de_prompt_label/Resultados_opt_niveis/Resultados extr_gpio-104-idi-48.c_idi_48_gpio_get_direction.ll/Oz.o
