otimizacao,dec_bytes,arquivo_o
O1,184,/home/calebe/Downloads/geração_de_prompt_label/Resultados_opt_niveis/Resultados extr_mac_vfs.c_mac_devfs_create_symlink.ll/O1.o
O2,184,/home/calebe/Downloads/geração_de_prompt_label/Resultados_opt_niveis/Resultados extr_mac_vfs.c_mac_devfs_create_symlink.ll/O2.o
O3,184,/home/calebe/Downloads/geração_de_prompt_label/Resultados_opt_niveis/Resultados extr_mac_vfs.c_mac_devfs_create_symlink.ll/O3.o
Os,184,/home/calebe/Downloads/geração_de_prompt_label/Resultados_opt_niveis/Resultados extr_mac_vfs.c_mac_devfs_create_symlink.ll/Os.o
Oz,184,/home/calebe/Downloads/geração_de_prompt_label/Resultados_opt_niveis/Resultados extr_mac_vfs.c_mac_devfs_create_symlink.ll/Oz.o
