otimizacao,dec_bytes,arquivo_o
O1,36,/home/calebe/Downloads/geração_de_prompt_label/Resultados_opt_niveis/Resultados extr_nic.c_ef4_nic_event_present.ll/O1.o
O2,36,/home/calebe/Downloads/geração_de_prompt_label/Resultados_opt_niveis/Resultados extr_nic.c_ef4_nic_event_present.ll/O2.o
O3,36,/home/calebe/Downloads/geração_de_prompt_label/Resultados_opt_niveis/Resultados extr_nic.c_ef4_nic_event_present.ll/O3.o
Os,36,/home/calebe/Downloads/geração_de_prompt_label/Resultados_opt_niveis/Resultados extr_nic.c_ef4_nic_event_present.ll/Os.o
Oz,36,/home/calebe/Downloads/geração_de_prompt_label/Resultados_opt_niveis/Resultados extr_nic.c_ef4_nic_event_present.ll/Oz.o
