otimizacao,dec_bytes,arquivo_o
O1,294,/home/calebe/Downloads/geração_de_prompt_label/Resultados_opt_niveis/Resultados extr_dce_link_encoder.c_configure_encoder.ll/O1.o
O2,294,/home/calebe/Downloads/geração_de_prompt_label/Resultados_opt_niveis/Resultados extr_dce_link_encoder.c_configure_encoder.ll/O2.o
O3,294,/home/calebe/Downloads/geração_de_prompt_label/Resultados_opt_niveis/Resultados extr_dce_link_encoder.c_configure_encoder.ll/O3.o
Os,294,/home/calebe/Downloads/geração_de_prompt_label/Resultados_opt_niveis/Resultados extr_dce_link_encoder.c_configure_encoder.ll/Os.o
Oz,294,/home/calebe/Downloads/geração_de_prompt_label/Resultados_opt_niveis/Resultados extr_dce_link_encoder.c_configure_encoder.ll/Oz.o
