otimizacao,dec_bytes,arquivo_o
O1,164,/home/calebe/Downloads/geração_de_prompt_label/Resultados_opt_niveis/Resultados extr_ohci-ppc-soc.c_usb_hcd_ppc_soc_remove.ll/O1.o
O2,164,/home/calebe/Downloads/geração_de_prompt_label/Resultados_opt_niveis/Resultados extr_ohci-ppc-soc.c_usb_hcd_ppc_soc_remove.ll/O2.o
O3,164,/home/calebe/Downloads/geração_de_prompt_label/Resultados_opt_niveis/Resultados extr_ohci-ppc-soc.c_usb_hcd_ppc_soc_remove.ll/O3.o
Os,164,/home/calebe/Downloads/geração_de_prompt_label/Resultados_opt_niveis/Resultados extr_ohci-ppc-soc.c_usb_hcd_ppc_soc_remove.ll/Os.o
Oz,164,/home/calebe/Downloads/geração_de_prompt_label/Resultados_opt_niveis/Resultados extr_ohci-ppc-soc.c_usb_hcd_ppc_soc_remove.ll/Oz.o
