otimizacao,dec_bytes,arquivo_o
O1,280,/home/calebe/Downloads/geração_de_prompt_label/Resultados_opt_niveis/Resultados extr_txrx.c_cw1200_skb_dtor.ll/O1.o
O2,280,/home/calebe/Downloads/geração_de_prompt_label/Resultados_opt_niveis/Resultados extr_txrx.c_cw1200_skb_dtor.ll/O2.o
O3,280,/home/calebe/Downloads/geração_de_prompt_label/Resultados_opt_niveis/Resultados extr_txrx.c_cw1200_skb_dtor.ll/O3.o
Os,280,/home/calebe/Downloads/geração_de_prompt_label/Resultados_opt_niveis/Resultados extr_txrx.c_cw1200_skb_dtor.ll/Os.o
Oz,280,/home/calebe/Downloads/geração_de_prompt_label/Resultados_opt_niveis/Resultados extr_txrx.c_cw1200_skb_dtor.ll/Oz.o
