otimizacao,dec_bytes,arquivo_o
O1,44,/home/calebe/Downloads/geração_de_prompt_label/Resultados_opt_niveis/Resultados extr_if_bwn_phy_n_core.c_bwn_radio_2057_init.ll/O1.o
O2,44,/home/calebe/Downloads/geração_de_prompt_label/Resultados_opt_niveis/Resultados extr_if_bwn_phy_n_core.c_bwn_radio_2057_init.ll/O2.o
O3,44,/home/calebe/Downloads/geração_de_prompt_label/Resultados_opt_niveis/Resultados extr_if_bwn_phy_n_core.c_bwn_radio_2057_init.ll/O3.o
Os,44,/home/calebe/Downloads/geração_de_prompt_label/Resultados_opt_niveis/Resultados extr_if_bwn_phy_n_core.c_bwn_radio_2057_init.ll/Os.o
Oz,44,/home/calebe/Downloads/geração_de_prompt_label/Resultados_opt_niveis/Resultados extr_if_bwn_phy_n_core.c_bwn_radio_2057_init.ll/Oz.o
