otimizacao,dec_bytes,arquivo_o
O1,101,/home/calebe/Downloads/geração_de_prompt_label/Resultados_opt_niveis/Resultados extr_athrd.c_usage.ll/O1.o
O2,101,/home/calebe/Downloads/geração_de_prompt_label/Resultados_opt_niveis/Resultados extr_athrd.c_usage.ll/O2.o
O3,101,/home/calebe/Downloads/geração_de_prompt_label/Resultados_opt_niveis/Resultados extr_athrd.c_usage.ll/O3.o
Os,101,/home/calebe/Downloads/geração_de_prompt_label/Resultados_opt_niveis/Resultados extr_athrd.c_usage.ll/Os.o
Oz,101,/home/calebe/Downloads/geração_de_prompt_label/Resultados_opt_niveis/Resultados extr_athrd.c_usage.ll/Oz.o
