otimizacao,dec_bytes,arquivo_o
O1,100,/home/calebe/Downloads/geração_de_prompt_label/Resultados_opt_niveis/Resultados extr_pom.c_dtor.ll/O1.o
O2,100,/home/calebe/Downloads/geração_de_prompt_label/Resultados_opt_niveis/Resultados extr_pom.c_dtor.ll/O2.o
O3,100,/home/calebe/Downloads/geração_de_prompt_label/Resultados_opt_niveis/Resultados extr_pom.c_dtor.ll/O3.o
Os,100,/home/calebe/Downloads/geração_de_prompt_label/Resultados_opt_niveis/Resultados extr_pom.c_dtor.ll/Os.o
Oz,100,/home/calebe/Downloads/geração_de_prompt_label/Resultados_opt_niveis/Resultados extr_pom.c_dtor.ll/Oz.o
