otimizacao,dec_bytes,arquivo_o
O1,308,/home/calebe/Downloads/geração_de_prompt_label/Resultados_opt_niveis/Resultados extr_i2c-pxa.c_i2c_pxa_start_message.ll/O1.o
O2,308,/home/calebe/Downloads/geração_de_prompt_label/Resultados_opt_niveis/Resultados extr_i2c-pxa.c_i2c_pxa_start_message.ll/O2.o
O3,308,/home/calebe/Downloads/geração_de_prompt_label/Resultados_opt_niveis/Resultados extr_i2c-pxa.c_i2c_pxa_start_message.ll/O3.o
Os,308,/home/calebe/Downloads/geração_de_prompt_label/Resultados_opt_niveis/Resultados extr_i2c-pxa.c_i2c_pxa_start_message.ll/Os.o
Oz,308,/home/calebe/Downloads/geração_de_prompt_label/Resultados_opt_niveis/Resultados extr_i2c-pxa.c_i2c_pxa_start_message.ll/Oz.o
