otimizacao,dec_bytes,arquivo_o
O1,102,/home/calebe/Downloads/geração_de_prompt_label/Resultados_opt_niveis/Resultados extr_mite.c_mite_bytes_written_to_memory_lb.ll/O1.o
O2,102,/home/calebe/Downloads/geração_de_prompt_label/Resultados_opt_niveis/Resultados extr_mite.c_mite_bytes_written_to_memory_lb.ll/O2.o
O3,102,/home/calebe/Downloads/geração_de_prompt_label/Resultados_opt_niveis/Resultados extr_mite.c_mite_bytes_written_to_memory_lb.ll/O3.o
Os,102,/home/calebe/Downloads/geração_de_prompt_label/Resultados_opt_niveis/Resultados extr_mite.c_mite_bytes_written_to_memory_lb.ll/Os.o
Oz,102,/home/calebe/Downloads/geração_de_prompt_label/Resultados_opt_niveis/Resultados extr_mite.c_mite_bytes_written_to_memory_lb.ll/Oz.o
