otimizacao,dec_bytes,arquivo_o
O1,286,/home/calebe/Downloads/geração_de_prompt_label/Resultados_opt_niveis/Resultados extr_usb-init.c_nlm_usb_hw_reset.ll/O1.o
O2,286,/home/calebe/Downloads/geração_de_prompt_label/Resultados_opt_niveis/Resultados extr_usb-init.c_nlm_usb_hw_reset.ll/O2.o
O3,286,/home/calebe/Downloads/geração_de_prompt_label/Resultados_opt_niveis/Resultados extr_usb-init.c_nlm_usb_hw_reset.ll/O3.o
Os,286,/home/calebe/Downloads/geração_de_prompt_label/Resultados_opt_niveis/Resultados extr_usb-init.c_nlm_usb_hw_reset.ll/Os.o
Oz,286,/home/calebe/Downloads/geração_de_prompt_label/Resultados_opt_niveis/Resultados extr_usb-init.c_nlm_usb_hw_reset.ll/Oz.o
