otimizacao,dec_bytes,arquivo_o
O1,410,/home/calebe/Downloads/geração_de_prompt_label/Resultados_opt_niveis/Resultados extr_auxtrace.c_parse_action.ll/O1.o
O2,410,/home/calebe/Downloads/geração_de_prompt_label/Resultados_opt_niveis/Resultados extr_auxtrace.c_parse_action.ll/O2.o
O3,410,/home/calebe/Downloads/geração_de_prompt_label/Resultados_opt_niveis/Resultados extr_auxtrace.c_parse_action.ll/O3.o
Os,410,/home/calebe/Downloads/geração_de_prompt_label/Resultados_opt_niveis/Resultados extr_auxtrace.c_parse_action.ll/Os.o
Oz,410,/home/calebe/Downloads/geração_de_prompt_label/Resultados_opt_niveis/Resultados extr_auxtrace.c_parse_action.ll/Oz.o
