otimizacao,dec_bytes,arquivo_o
O1,56,/home/calebe/Downloads/geração_de_prompt_label/Resultados_opt_niveis/Resultados extr_nstime.c_nstime_sec.ll/O1.o
O2,56,/home/calebe/Downloads/geração_de_prompt_label/Resultados_opt_niveis/Resultados extr_nstime.c_nstime_sec.ll/O2.o
O3,56,/home/calebe/Downloads/geração_de_prompt_label/Resultados_opt_niveis/Resultados extr_nstime.c_nstime_sec.ll/O3.o
Os,56,/home/calebe/Downloads/geração_de_prompt_label/Resultados_opt_niveis/Resultados extr_nstime.c_nstime_sec.ll/Os.o
Oz,56,/home/calebe/Downloads/geração_de_prompt_label/Resultados_opt_niveis/Resultados extr_nstime.c_nstime_sec.ll/Oz.o
