otimizacao,dec_bytes,arquivo_o
O1,110,/home/calebe/Downloads/geração_de_prompt_label/Resultados_opt_niveis/Resultados extr_apm_32.c_queue_empty.ll/O1.o
O2,110,/home/calebe/Downloads/geração_de_prompt_label/Resultados_opt_niveis/Resultados extr_apm_32.c_queue_empty.ll/O2.o
O3,110,/home/calebe/Downloads/geração_de_prompt_label/Resultados_opt_niveis/Resultados extr_apm_32.c_queue_empty.ll/O3.o
Os,110,/home/calebe/Downloads/geração_de_prompt_label/Resultados_opt_niveis/Resultados extr_apm_32.c_queue_empty.ll/Os.o
Oz,110,/home/calebe/Downloads/geração_de_prompt_label/Resultados_opt_niveis/Resultados extr_apm_32.c_queue_empty.ll/Oz.o
