otimizacao,dec_bytes,arquivo_o
O1,288,/home/calebe/Downloads/geração_de_prompt_label/Resultados_opt_niveis/Resultados extr_ocelot.c_ocelot_port_vlan_del_vlan.ll/O1.o
O2,288,/home/calebe/Downloads/geração_de_prompt_label/Resultados_opt_niveis/Resultados extr_ocelot.c_ocelot_port_vlan_del_vlan.ll/O2.o
O3,288,/home/calebe/Downloads/geração_de_prompt_label/Resultados_opt_niveis/Resultados extr_ocelot.c_ocelot_port_vlan_del_vlan.ll/O3.o
Os,288,/home/calebe/Downloads/geração_de_prompt_label/Resultados_opt_niveis/Resultados extr_ocelot.c_ocelot_port_vlan_del_vlan.ll/Os.o
Oz,288,/home/calebe/Downloads/geração_de_prompt_label/Resultados_opt_niveis/Resultados extr_ocelot.c_ocelot_port_vlan_del_vlan.ll/Oz.o
