otimizacao,dec_bytes,arquivo_o
O1,259,/home/calebe/Downloads/geração_de_prompt_label/Resultados_opt_niveis/Resultados extr_thinkpad_acpi.c_hotkey_recommended_mask_show.ll/O1.o
O2,259,/home/calebe/Downloads/geração_de_prompt_label/Resultados_opt_niveis/Resultados extr_thinkpad_acpi.c_hotkey_recommended_mask_show.ll/O2.o
O3,259,/home/calebe/Downloads/geração_de_prompt_label/Resultados_opt_niveis/Resultados extr_thinkpad_acpi.c_hotkey_recommended_mask_show.ll/O3.o
Os,259,/home/calebe/Downloads/geração_de_prompt_label/Resultados_opt_niveis/Resultados extr_thinkpad_acpi.c_hotkey_recommended_mask_show.ll/Os.o
Oz,259,/home/calebe/Downloads/geração_de_prompt_label/Resultados_opt_niveis/Resultados extr_thinkpad_acpi.c_hotkey_recommended_mask_show.ll/Oz.o
