otimizacao,dec_bytes,arquivo_o
O1,130,/home/calebe/Downloads/geração_de_prompt_label/Resultados_opt_niveis/Resultados extr_hw_atl_llh.c_hw_atl_tps_tx_pkt_shed_tc_data_weight_set.ll/O1.o
O2,130,/home/calebe/Downloads/geração_de_prompt_label/Resultados_opt_niveis/Resultados extr_hw_atl_llh.c_hw_atl_tps_tx_pkt_shed_tc_data_weight_set.ll/O2.o
O3,130,/home/calebe/Downloads/geração_de_prompt_label/Resultados_opt_niveis/Resultados extr_hw_atl_llh.c_hw_atl_tps_tx_pkt_shed_tc_data_weight_set.ll/O3.o
Os,130,/home/calebe/Downloads/geração_de_prompt_label/Resultados_opt_niveis/Resultados extr_hw_atl_llh.c_hw_atl_tps_tx_pkt_shed_tc_data_weight_set.ll/Os.o
Oz,130,/home/calebe/Downloads/geração_de_prompt_label/Resultados_opt_niveis/Resultados extr_hw_atl_llh.c_hw_atl_tps_tx_pkt_shed_tc_data_weight_set.ll/Oz.o
