otimizacao,dec_bytes,arquivo_o
O1,80,/home/calebe/Downloads/geração_de_prompt_label/Resultados_opt_niveis/Resultados extr_mxsfb_drv.c_mxsfb_disable_axi_clk.ll/O1.o
O2,80,/home/calebe/Downloads/geração_de_prompt_label/Resultados_opt_niveis/Resultados extr_mxsfb_drv.c_mxsfb_disable_axi_clk.ll/O2.o
O3,80,/home/calebe/Downloads/geração_de_prompt_label/Resultados_opt_niveis/Resultados extr_mxsfb_drv.c_mxsfb_disable_axi_clk.ll/O3.o
Os,80,/home/calebe/Downloads/geração_de_prompt_label/Resultados_opt_niveis/Resultados extr_mxsfb_drv.c_mxsfb_disable_axi_clk.ll/Os.o
Oz,80,/home/calebe/Downloads/geração_de_prompt_label/Resultados_opt_niveis/Resultados extr_mxsfb_drv.c_mxsfb_disable_axi_clk.ll/Oz.o
