otimizacao,dec_bytes,arquivo_o
O1,252,/home/calebe/Downloads/geração_de_prompt_label/Resultados_opt_niveis/Resultados extr_x11_main.c_fillrect.ll/O1.o
O2,252,/home/calebe/Downloads/geração_de_prompt_label/Resultados_opt_niveis/Resultados extr_x11_main.c_fillrect.ll/O2.o
O3,252,/home/calebe/Downloads/geração_de_prompt_label/Resultados_opt_niveis/Resultados extr_x11_main.c_fillrect.ll/O3.o
Os,252,/home/calebe/Downloads/geração_de_prompt_label/Resultados_opt_niveis/Resultados extr_x11_main.c_fillrect.ll/Os.o
Oz,252,/home/calebe/Downloads/geração_de_prompt_label/Resultados_opt_niveis/Resultados extr_x11_main.c_fillrect.ll/Oz.o
