otimizacao,dec_bytes,arquivo_o
O1,236,/home/calebe/Downloads/geração_de_prompt_label/Resultados_opt_niveis/Resultados extr_i2c-davinci.c_terminate_write.ll/O1.o
O2,236,/home/calebe/Downloads/geração_de_prompt_label/Resultados_opt_niveis/Resultados extr_i2c-davinci.c_terminate_write.ll/O2.o
O3,236,/home/calebe/Downloads/geração_de_prompt_label/Resultados_opt_niveis/Resultados extr_i2c-davinci.c_terminate_write.ll/O3.o
Os,236,/home/calebe/Downloads/geração_de_prompt_label/Resultados_opt_niveis/Resultados extr_i2c-davinci.c_terminate_write.ll/Os.o
Oz,236,/home/calebe/Downloads/geração_de_prompt_label/Resultados_opt_niveis/Resultados extr_i2c-davinci.c_terminate_write.ll/Oz.o
