otimizacao,dec_bytes,arquivo_o
O1,32,/home/calebe/Downloads/geração_de_prompt_label/Resultados_opt_niveis/Resultados extr_sym_glue.h_sym_get_cam_status.ll/O1.o
O2,32,/home/calebe/Downloads/geração_de_prompt_label/Resultados_opt_niveis/Resultados extr_sym_glue.h_sym_get_cam_status.ll/O2.o
O3,32,/home/calebe/Downloads/geração_de_prompt_label/Resultados_opt_niveis/Resultados extr_sym_glue.h_sym_get_cam_status.ll/O3.o
Os,32,/home/calebe/Downloads/geração_de_prompt_label/Resultados_opt_niveis/Resultados extr_sym_glue.h_sym_get_cam_status.ll/Os.o
Oz,32,/home/calebe/Downloads/geração_de_prompt_label/Resultados_opt_niveis/Resultados extr_sym_glue.h_sym_get_cam_status.ll/Oz.o
