otimizacao,dec_bytes,arquivo_o
O1,228,/home/calebe/Downloads/geração_de_prompt_label/Resultados_opt_niveis/Resultados extr_isph3a_af.c_h3a_af_enable.ll/O1.o
O2,228,/home/calebe/Downloads/geração_de_prompt_label/Resultados_opt_niveis/Resultados extr_isph3a_af.c_h3a_af_enable.ll/O2.o
O3,228,/home/calebe/Downloads/geração_de_prompt_label/Resultados_opt_niveis/Resultados extr_isph3a_af.c_h3a_af_enable.ll/O3.o
Os,228,/home/calebe/Downloads/geração_de_prompt_label/Resultados_opt_niveis/Resultados extr_isph3a_af.c_h3a_af_enable.ll/Os.o
Oz,228,/home/calebe/Downloads/geração_de_prompt_label/Resultados_opt_niveis/Resultados extr_isph3a_af.c_h3a_af_enable.ll/Oz.o
