otimizacao,dec_bytes,arquivo_o
O1,134,/home/calebe/Downloads/geração_de_prompt_label/Resultados_opt_niveis/Resultados extr_qxl_cmd.c_qxl_io_flush_release.ll/O1.o
O2,134,/home/calebe/Downloads/geração_de_prompt_label/Resultados_opt_niveis/Resultados extr_qxl_cmd.c_qxl_io_flush_release.ll/O2.o
O3,134,/home/calebe/Downloads/geração_de_prompt_label/Resultados_opt_niveis/Resultados extr_qxl_cmd.c_qxl_io_flush_release.ll/O3.o
Os,134,/home/calebe/Downloads/geração_de_prompt_label/Resultados_opt_niveis/Resultados extr_qxl_cmd.c_qxl_io_flush_release.ll/Os.o
Oz,134,/home/calebe/Downloads/geração_de_prompt_label/Resultados_opt_niveis/Resultados extr_qxl_cmd.c_qxl_io_flush_release.ll/Oz.o
