otimizacao,dec_bytes,arquivo_o
O1,310,/home/calebe/Downloads/geração_de_prompt_label/Resultados_opt_niveis/Resultados extr_sqlite3.c_journalHdrOffset.ll/O1.o
O2,310,/home/calebe/Downloads/geração_de_prompt_label/Resultados_opt_niveis/Resultados extr_sqlite3.c_journalHdrOffset.ll/O2.o
O3,310,/home/calebe/Downloads/geração_de_prompt_label/Resultados_opt_niveis/Resultados extr_sqlite3.c_journalHdrOffset.ll/O3.o
Os,310,/home/calebe/Downloads/geração_de_prompt_label/Resultados_opt_niveis/Resultados extr_sqlite3.c_journalHdrOffset.ll/Os.o
Oz,310,/home/calebe/Downloads/geração_de_prompt_label/Resultados_opt_niveis/Resultados extr_sqlite3.c_journalHdrOffset.ll/Oz.o
