otimizacao,dec_bytes,arquivo_o
O1,118,/home/calebe/Downloads/geração_de_prompt_label/Resultados_opt_niveis/Resultados extr_reg.h_mlxsw_reg_recr2_pack.ll/O1.o
O2,118,/home/calebe/Downloads/geração_de_prompt_label/Resultados_opt_niveis/Resultados extr_reg.h_mlxsw_reg_recr2_pack.ll/O2.o
O3,118,/home/calebe/Downloads/geração_de_prompt_label/Resultados_opt_niveis/Resultados extr_reg.h_mlxsw_reg_recr2_pack.ll/O3.o
Os,118,/home/calebe/Downloads/geração_de_prompt_label/Resultados_opt_niveis/Resultados extr_reg.h_mlxsw_reg_recr2_pack.ll/Os.o
Oz,118,/home/calebe/Downloads/geração_de_prompt_label/Resultados_opt_niveis/Resultados extr_reg.h_mlxsw_reg_recr2_pack.ll/Oz.o
