otimizacao,dec_bytes,arquivo_o
O1,70,/home/calebe/Downloads/geração_de_prompt_label/Resultados_opt_niveis/Resultados extr_common.h_il_enable_rfkill_int.ll/O1.o
O2,70,/home/calebe/Downloads/geração_de_prompt_label/Resultados_opt_niveis/Resultados extr_common.h_il_enable_rfkill_int.ll/O2.o
O3,70,/home/calebe/Downloads/geração_de_prompt_label/Resultados_opt_niveis/Resultados extr_common.h_il_enable_rfkill_int.ll/O3.o
Os,70,/home/calebe/Downloads/geração_de_prompt_label/Resultados_opt_niveis/Resultados extr_common.h_il_enable_rfkill_int.ll/Os.o
Oz,70,/home/calebe/Downloads/geração_de_prompt_label/Resultados_opt_niveis/Resultados extr_common.h_il_enable_rfkill_int.ll/Oz.o
