otimizacao,dec_bytes,arquivo_o
O1,50,/home/calebe/Downloads/geração_de_prompt_label/Resultados_opt_niveis/Resultados extr_v3d_drv.h_v3d_has_csd.ll/O1.o
O2,50,/home/calebe/Downloads/geração_de_prompt_label/Resultados_opt_niveis/Resultados extr_v3d_drv.h_v3d_has_csd.ll/O2.o
O3,50,/home/calebe/Downloads/geração_de_prompt_label/Resultados_opt_niveis/Resultados extr_v3d_drv.h_v3d_has_csd.ll/O3.o
Os,50,/home/calebe/Downloads/geração_de_prompt_label/Resultados_opt_niveis/Resultados extr_v3d_drv.h_v3d_has_csd.ll/Os.o
Oz,50,/home/calebe/Downloads/geração_de_prompt_label/Resultados_opt_niveis/Resultados extr_v3d_drv.h_v3d_has_csd.ll/Oz.o
