otimizacao,dec_bytes,arquivo_o
O1,40,/home/calebe/Downloads/geração_de_prompt_label/Resultados_opt_niveis/Resultados extr_panel-samsung-s6e8aa0.c_s6e8aa0_clear_error.ll/O1.o
O2,40,/home/calebe/Downloads/geração_de_prompt_label/Resultados_opt_niveis/Resultados extr_panel-samsung-s6e8aa0.c_s6e8aa0_clear_error.ll/O2.o
O3,40,/home/calebe/Downloads/geração_de_prompt_label/Resultados_opt_niveis/Resultados extr_panel-samsung-s6e8aa0.c_s6e8aa0_clear_error.ll/O3.o
Os,40,/home/calebe/Downloads/geração_de_prompt_label/Resultados_opt_niveis/Resultados extr_panel-samsung-s6e8aa0.c_s6e8aa0_clear_error.ll/Os.o
Oz,40,/home/calebe/Downloads/geração_de_prompt_label/Resultados_opt_niveis/Resultados extr_panel-samsung-s6e8aa0.c_s6e8aa0_clear_error.ll/Oz.o
