otimizacao,dec_bytes,arquivo_o
O1,106,/home/calebe/Downloads/geração_de_prompt_label/Resultados_opt_niveis/Resultados extr_i2c.c_snd_i2c_bit_start.ll/O1.o
O2,106,/home/calebe/Downloads/geração_de_prompt_label/Resultados_opt_niveis/Resultados extr_i2c.c_snd_i2c_bit_start.ll/O2.o
O3,106,/home/calebe/Downloads/geração_de_prompt_label/Resultados_opt_niveis/Resultados extr_i2c.c_snd_i2c_bit_start.ll/O3.o
Os,106,/home/calebe/Downloads/geração_de_prompt_label/Resultados_opt_niveis/Resultados extr_i2c.c_snd_i2c_bit_start.ll/Os.o
Oz,106,/home/calebe/Downloads/geração_de_prompt_label/Resultados_opt_niveis/Resultados extr_i2c.c_snd_i2c_bit_start.ll/Oz.o
