otimizacao,dec_bytes,arquivo_o
O1,122,/home/calebe/Downloads/geração_de_prompt_label/Resultados_opt_niveis/Resultados extr_ps2_gfx.c_refreshScreen.ll/O1.o
O2,122,/home/calebe/Downloads/geração_de_prompt_label/Resultados_opt_niveis/Resultados extr_ps2_gfx.c_refreshScreen.ll/O2.o
O3,122,/home/calebe/Downloads/geração_de_prompt_label/Resultados_opt_niveis/Resultados extr_ps2_gfx.c_refreshScreen.ll/O3.o
Os,122,/home/calebe/Downloads/geração_de_prompt_label/Resultados_opt_niveis/Resultados extr_ps2_gfx.c_refreshScreen.ll/Os.o
Oz,122,/home/calebe/Downloads/geração_de_prompt_label/Resultados_opt_niveis/Resultados extr_ps2_gfx.c_refreshScreen.ll/Oz.o
