otimizacao,dec_bytes,arquivo_o
O1,186,/home/calebe/Downloads/geração_de_prompt_label/Resultados_opt_niveis/Resultados extr_xattr.c_xattr_datum_hashkey.ll/O1.o
O2,186,/home/calebe/Downloads/geração_de_prompt_label/Resultados_opt_niveis/Resultados extr_xattr.c_xattr_datum_hashkey.ll/O2.o
O3,186,/home/calebe/Downloads/geração_de_prompt_label/Resultados_opt_niveis/Resultados extr_xattr.c_xattr_datum_hashkey.ll/O3.o
Os,186,/home/calebe/Downloads/geração_de_prompt_label/Resultados_opt_niveis/Resultados extr_xattr.c_xattr_datum_hashkey.ll/Os.o
Oz,186,/home/calebe/Downloads/geração_de_prompt_label/Resultados_opt_niveis/Resultados extr_xattr.c_xattr_datum_hashkey.ll/Oz.o
