otimizacao,dec_bytes,arquivo_o
O1,84,/home/calebe/Downloads/geração_de_prompt_label/Resultados_opt_niveis/Resultados extr_futils.c_git_futils_creat_locked_withpath.ll/O1.o
O2,84,/home/calebe/Downloads/geração_de_prompt_label/Resultados_opt_niveis/Resultados extr_futils.c_git_futils_creat_locked_withpath.ll/O2.o
O3,84,/home/calebe/Downloads/geração_de_prompt_label/Resultados_opt_niveis/Resultados extr_futils.c_git_futils_creat_locked_withpath.ll/O3.o
Os,84,/home/calebe/Downloads/geração_de_prompt_label/Resultados_opt_niveis/Resultados extr_futils.c_git_futils_creat_locked_withpath.ll/Os.o
Oz,84,/home/calebe/Downloads/geração_de_prompt_label/Resultados_opt_niveis/Resultados extr_futils.c_git_futils_creat_locked_withpath.ll/Oz.o
