otimizacao,dec_bytes,arquivo_o
O1,52,/home/calebe/Downloads/geração_de_prompt_label/Resultados_opt_niveis/Resultados extr_......driverspcipci.h_of_pci_get_max_link_speed.ll/O1.o
O2,52,/home/calebe/Downloads/geração_de_prompt_label/Resultados_opt_niveis/Resultados extr_......driverspcipci.h_of_pci_get_max_link_speed.ll/O2.o
O3,52,/home/calebe/Downloads/geração_de_prompt_label/Resultados_opt_niveis/Resultados extr_......driverspcipci.h_of_pci_get_max_link_speed.ll/O3.o
Os,52,/home/calebe/Downloads/geração_de_prompt_label/Resultados_opt_niveis/Resultados extr_......driverspcipci.h_of_pci_get_max_link_speed.ll/Os.o
Oz,52,/home/calebe/Downloads/geração_de_prompt_label/Resultados_opt_niveis/Resultados extr_......driverspcipci.h_of_pci_get_max_link_speed.ll/Oz.o
