otimizacao,dec_bytes,arquivo_o
O1,210,/home/calebe/Downloads/geração_de_prompt_label/Resultados_opt_niveis/Resultados extr_locks.c_locks_conflict.ll/O1.o
O2,210,/home/calebe/Downloads/geração_de_prompt_label/Resultados_opt_niveis/Resultados extr_locks.c_locks_conflict.ll/O2.o
O3,210,/home/calebe/Downloads/geração_de_prompt_label/Resultados_opt_niveis/Resultados extr_locks.c_locks_conflict.ll/O3.o
Os,210,/home/calebe/Downloads/geração_de_prompt_label/Resultados_opt_niveis/Resultados extr_locks.c_locks_conflict.ll/Os.o
Oz,210,/home/calebe/Downloads/geração_de_prompt_label/Resultados_opt_niveis/Resultados extr_locks.c_locks_conflict.ll/Oz.o
