otimizacao,dec_bytes,arquivo_o
O1,398,/home/calebe/Downloads/geração_de_prompt_label/Resultados_opt_niveis/Resultados extr_nbio_v7_4.c_nbio_v7_4_vcn_doorbell_range.ll/O1.o
O2,398,/home/calebe/Downloads/geração_de_prompt_label/Resultados_opt_niveis/Resultados extr_nbio_v7_4.c_nbio_v7_4_vcn_doorbell_range.ll/O2.o
O3,398,/home/calebe/Downloads/geração_de_prompt_label/Resultados_opt_niveis/Resultados extr_nbio_v7_4.c_nbio_v7_4_vcn_doorbell_range.ll/O3.o
Os,398,/home/calebe/Downloads/geração_de_prompt_label/Resultados_opt_niveis/Resultados extr_nbio_v7_4.c_nbio_v7_4_vcn_doorbell_range.ll/Os.o
Oz,398,/home/calebe/Downloads/geração_de_prompt_label/Resultados_opt_niveis/Resultados extr_nbio_v7_4.c_nbio_v7_4_vcn_doorbell_range.ll/Oz.o
