otimizacao,dec_bytes,arquivo_o
O1,159,/home/calebe/Downloads/geração_de_prompt_label/Resultados_opt_niveis/Resultados extr_scsi_debug.c_sdebug_no_uld_show.ll/O1.o
O2,159,/home/calebe/Downloads/geração_de_prompt_label/Resultados_opt_niveis/Resultados extr_scsi_debug.c_sdebug_no_uld_show.ll/O2.o
O3,159,/home/calebe/Downloads/geração_de_prompt_label/Resultados_opt_niveis/Resultados extr_scsi_debug.c_sdebug_no_uld_show.ll/O3.o
Os,159,/home/calebe/Downloads/geração_de_prompt_label/Resultados_opt_niveis/Resultados extr_scsi_debug.c_sdebug_no_uld_show.ll/Os.o
Oz,159,/home/calebe/Downloads/geração_de_prompt_label/Resultados_opt_niveis/Resultados extr_scsi_debug.c_sdebug_no_uld_show.ll/Oz.o
