otimizacao,dec_bytes,arquivo_o
O1,36,/home/calebe/Downloads/geração_de_prompt_label/Resultados_opt_niveis/Resultados extr_linux_hrtimer.c_linux_hrtimer_start.ll/O1.o
O2,36,/home/calebe/Downloads/geração_de_prompt_label/Resultados_opt_niveis/Resultados extr_linux_hrtimer.c_linux_hrtimer_start.ll/O2.o
O3,36,/home/calebe/Downloads/geração_de_prompt_label/Resultados_opt_niveis/Resultados extr_linux_hrtimer.c_linux_hrtimer_start.ll/O3.o
Os,36,/home/calebe/Downloads/geração_de_prompt_label/Resultados_opt_niveis/Resultados extr_linux_hrtimer.c_linux_hrtimer_start.ll/Os.o
Oz,36,/home/calebe/Downloads/geração_de_prompt_label/Resultados_opt_niveis/Resultados extr_linux_hrtimer.c_linux_hrtimer_start.ll/Oz.o
