otimizacao,dec_bytes,arquivo_o
O1,225,/home/calebe/Downloads/geração_de_prompt_label/Resultados_opt_niveis/Resultados extr_util.c_ieee80211_can_queue_work.ll/O1.o
O2,225,/home/calebe/Downloads/geração_de_prompt_label/Resultados_opt_niveis/Resultados extr_util.c_ieee80211_can_queue_work.ll/O2.o
O3,225,/home/calebe/Downloads/geração_de_prompt_label/Resultados_opt_niveis/Resultados extr_util.c_ieee80211_can_queue_work.ll/O3.o
Os,225,/home/calebe/Downloads/geração_de_prompt_label/Resultados_opt_niveis/Resultados extr_util.c_ieee80211_can_queue_work.ll/Os.o
Oz,225,/home/calebe/Downloads/geração_de_prompt_label/Resultados_opt_niveis/Resultados extr_util.c_ieee80211_can_queue_work.ll/Oz.o
