otimizacao,dec_bytes,arquivo_o
O1,26,/home/calebe/Downloads/geração_de_prompt_label/Resultados_opt_niveis/Resultados extr_console.c_rs_write_room.ll/O1.o
O2,26,/home/calebe/Downloads/geração_de_prompt_label/Resultados_opt_niveis/Resultados extr_console.c_rs_write_room.ll/O2.o
O3,26,/home/calebe/Downloads/geração_de_prompt_label/Resultados_opt_niveis/Resultados extr_console.c_rs_write_room.ll/O3.o
Os,26,/home/calebe/Downloads/geração_de_prompt_label/Resultados_opt_niveis/Resultados extr_console.c_rs_write_room.ll/Os.o
Oz,26,/home/calebe/Downloads/geração_de_prompt_label/Resultados_opt_niveis/Resultados extr_console.c_rs_write_room.ll/Oz.o
