otimizacao,dec_bytes,arquivo_o
O1,76,/home/calebe/Downloads/geração_de_prompt_label/Resultados_opt_niveis/Resultados extr_xo_buf.h_xo_buf_left.ll/O1.o
O2,76,/home/calebe/Downloads/geração_de_prompt_label/Resultados_opt_niveis/Resultados extr_xo_buf.h_xo_buf_left.ll/O2.o
O3,76,/home/calebe/Downloads/geração_de_prompt_label/Resultados_opt_niveis/Resultados extr_xo_buf.h_xo_buf_left.ll/O3.o
Os,76,/home/calebe/Downloads/geração_de_prompt_label/Resultados_opt_niveis/Resultados extr_xo_buf.h_xo_buf_left.ll/Os.o
Oz,76,/home/calebe/Downloads/geração_de_prompt_label/Resultados_opt_niveis/Resultados extr_xo_buf.h_xo_buf_left.ll/Oz.o
