otimizacao,dec_bytes,arquivo_o
O1,118,/home/calebe/Downloads/geração_de_prompt_label/Resultados_opt_niveis/Resultados extr_if_ath_btcoex.c_ath_btcoex_enable.ll/O1.o
O2,118,/home/calebe/Downloads/geração_de_prompt_label/Resultados_opt_niveis/Resultados extr_if_ath_btcoex.c_ath_btcoex_enable.ll/O2.o
O3,118,/home/calebe/Downloads/geração_de_prompt_label/Resultados_opt_niveis/Resultados extr_if_ath_btcoex.c_ath_btcoex_enable.ll/O3.o
Os,118,/home/calebe/Downloads/geração_de_prompt_label/Resultados_opt_niveis/Resultados extr_if_ath_btcoex.c_ath_btcoex_enable.ll/Os.o
Oz,118,/home/calebe/Downloads/geração_de_prompt_label/Resultados_opt_niveis/Resultados extr_if_ath_btcoex.c_ath_btcoex_enable.ll/Oz.o
