otimizacao,dec_bytes,arquivo_o
O1,660,/home/calebe/Downloads/geração_de_prompt_label/Resultados_opt_niveis/Resultados extr_rtlanal.c_reg_set_p.ll/O1.o
O2,660,/home/calebe/Downloads/geração_de_prompt_label/Resultados_opt_niveis/Resultados extr_rtlanal.c_reg_set_p.ll/O2.o
O3,660,/home/calebe/Downloads/geração_de_prompt_label/Resultados_opt_niveis/Resultados extr_rtlanal.c_reg_set_p.ll/O3.o
Os,660,/home/calebe/Downloads/geração_de_prompt_label/Resultados_opt_niveis/Resultados extr_rtlanal.c_reg_set_p.ll/Os.o
Oz,660,/home/calebe/Downloads/geração_de_prompt_label/Resultados_opt_niveis/Resultados extr_rtlanal.c_reg_set_p.ll/Oz.o
