otimizacao,dec_bytes,arquivo_o
O1,92,/home/calebe/Downloads/geração_de_prompt_label/Resultados_opt_niveis/Resultados extr_common.c_h2o_http3_num_connections.ll/O1.o
O2,92,/home/calebe/Downloads/geração_de_prompt_label/Resultados_opt_niveis/Resultados extr_common.c_h2o_http3_num_connections.ll/O2.o
O3,92,/home/calebe/Downloads/geração_de_prompt_label/Resultados_opt_niveis/Resultados extr_common.c_h2o_http3_num_connections.ll/O3.o
Os,92,/home/calebe/Downloads/geração_de_prompt_label/Resultados_opt_niveis/Resultados extr_common.c_h2o_http3_num_connections.ll/Os.o
Oz,92,/home/calebe/Downloads/geração_de_prompt_label/Resultados_opt_niveis/Resultados extr_common.c_h2o_http3_num_connections.ll/Oz.o
