otimizacao,dec_bytes,arquivo_o
O1,44,/home/calebe/Downloads/geração_de_prompt_label/Resultados_opt_niveis/Resultados extr_adv7604.c_adv7604_setup_irqs.ll/O1.o
O2,44,/home/calebe/Downloads/geração_de_prompt_label/Resultados_opt_niveis/Resultados extr_adv7604.c_adv7604_setup_irqs.ll/O2.o
O3,44,/home/calebe/Downloads/geração_de_prompt_label/Resultados_opt_niveis/Resultados extr_adv7604.c_adv7604_setup_irqs.ll/O3.o
Os,44,/home/calebe/Downloads/geração_de_prompt_label/Resultados_opt_niveis/Resultados extr_adv7604.c_adv7604_setup_irqs.ll/Os.o
Oz,44,/home/calebe/Downloads/geração_de_prompt_label/Resultados_opt_niveis/Resultados extr_adv7604.c_adv7604_setup_irqs.ll/Oz.o
