otimizacao,dec_bytes,arquivo_o
O1,116,/home/calebe/Downloads/geração_de_prompt_label/Resultados_opt_niveis/Resultados extr_intel8x0m.c_iputword.ll/O1.o
O2,116,/home/calebe/Downloads/geração_de_prompt_label/Resultados_opt_niveis/Resultados extr_intel8x0m.c_iputword.ll/O2.o
O3,116,/home/calebe/Downloads/geração_de_prompt_label/Resultados_opt_niveis/Resultados extr_intel8x0m.c_iputword.ll/O3.o
Os,116,/home/calebe/Downloads/geração_de_prompt_label/Resultados_opt_niveis/Resultados extr_intel8x0m.c_iputword.ll/Os.o
Oz,116,/home/calebe/Downloads/geração_de_prompt_label/Resultados_opt_niveis/Resultados extr_intel8x0m.c_iputword.ll/Oz.o
