otimizacao,dec_bytes,arquivo_o
O1,114,/home/calebe/Downloads/geração_de_prompt_label/Resultados_opt_niveis/Resultados extr_if_bwn_phy_lp.c_bwn_phy_lp_write.ll/O1.o
O2,114,/home/calebe/Downloads/geração_de_prompt_label/Resultados_opt_niveis/Resultados extr_if_bwn_phy_lp.c_bwn_phy_lp_write.ll/O2.o
O3,114,/home/calebe/Downloads/geração_de_prompt_label/Resultados_opt_niveis/Resultados extr_if_bwn_phy_lp.c_bwn_phy_lp_write.ll/O3.o
Os,114,/home/calebe/Downloads/geração_de_prompt_label/Resultados_opt_niveis/Resultados extr_if_bwn_phy_lp.c_bwn_phy_lp_write.ll/Os.o
Oz,114,/home/calebe/Downloads/geração_de_prompt_label/Resultados_opt_niveis/Resultados extr_if_bwn_phy_lp.c_bwn_phy_lp_write.ll/Oz.o
