otimizacao,dec_bytes,arquivo_o
O1,80,/home/calebe/Downloads/geração_de_prompt_label/Resultados_opt_niveis/Resultados extr_ui_syscalls.c_trap_LAN_GetPingInfo.ll/O1.o
O2,80,/home/calebe/Downloads/geração_de_prompt_label/Resultados_opt_niveis/Resultados extr_ui_syscalls.c_trap_LAN_GetPingInfo.ll/O2.o
O3,80,/home/calebe/Downloads/geração_de_prompt_label/Resultados_opt_niveis/Resultados extr_ui_syscalls.c_trap_LAN_GetPingInfo.ll/O3.o
Os,80,/home/calebe/Downloads/geração_de_prompt_label/Resultados_opt_niveis/Resultados extr_ui_syscalls.c_trap_LAN_GetPingInfo.ll/Os.o
Oz,80,/home/calebe/Downloads/geração_de_prompt_label/Resultados_opt_niveis/Resultados extr_ui_syscalls.c_trap_LAN_GetPingInfo.ll/Oz.o
