otimizacao,dec_bytes,arquivo_o
O1,108,/home/calebe/Downloads/geração_de_prompt_label/Resultados_opt_niveis/Resultados extr_..dml_inline_defs.h_dml_abs.ll/O1.o
O2,108,/home/calebe/Downloads/geração_de_prompt_label/Resultados_opt_niveis/Resultados extr_..dml_inline_defs.h_dml_abs.ll/O2.o
O3,108,/home/calebe/Downloads/geração_de_prompt_label/Resultados_opt_niveis/Resultados extr_..dml_inline_defs.h_dml_abs.ll/O3.o
Os,108,/home/calebe/Downloads/geração_de_prompt_label/Resultados_opt_niveis/Resultados extr_..dml_inline_defs.h_dml_abs.ll/Os.o
Oz,108,/home/calebe/Downloads/geração_de_prompt_label/Resultados_opt_niveis/Resultados extr_..dml_inline_defs.h_dml_abs.ll/Oz.o
