otimizacao,dec_bytes,arquivo_o
O1,70,/home/calebe/Downloads/geração_de_prompt_label/Resultados_opt_niveis/Resultados extr_ed.c_pr_forward_ed_script.ll/O1.o
O2,70,/home/calebe/Downloads/geração_de_prompt_label/Resultados_opt_niveis/Resultados extr_ed.c_pr_forward_ed_script.ll/O2.o
O3,70,/home/calebe/Downloads/geração_de_prompt_label/Resultados_opt_niveis/Resultados extr_ed.c_pr_forward_ed_script.ll/O3.o
Os,70,/home/calebe/Downloads/geração_de_prompt_label/Resultados_opt_niveis/Resultados extr_ed.c_pr_forward_ed_script.ll/Os.o
Oz,70,/home/calebe/Downloads/geração_de_prompt_label/Resultados_opt_niveis/Resultados extr_ed.c_pr_forward_ed_script.ll/Oz.o
