otimizacao,dec_bytes,arquivo_o
O1,206,/home/calebe/Downloads/geração_de_prompt_label/Resultados_opt_niveis/Resultados extr_cx2341x.c_cx2341x_handler_set_busy.ll/O1.o
O2,206,/home/calebe/Downloads/geração_de_prompt_label/Resultados_opt_niveis/Resultados extr_cx2341x.c_cx2341x_handler_set_busy.ll/O2.o
O3,206,/home/calebe/Downloads/geração_de_prompt_label/Resultados_opt_niveis/Resultados extr_cx2341x.c_cx2341x_handler_set_busy.ll/O3.o
Os,206,/home/calebe/Downloads/geração_de_prompt_label/Resultados_opt_niveis/Resultados extr_cx2341x.c_cx2341x_handler_set_busy.ll/Os.o
Oz,206,/home/calebe/Downloads/geração_de_prompt_label/Resultados_opt_niveis/Resultados extr_cx2341x.c_cx2341x_handler_set_busy.ll/Oz.o
