otimizacao,dec_bytes,arquivo_o
O1,108,/home/calebe/Downloads/geração_de_prompt_label/Resultados_opt_niveis/Resultados extr_skcipher.c_skcipher_set_needkey.ll/O1.o
O2,108,/home/calebe/Downloads/geração_de_prompt_label/Resultados_opt_niveis/Resultados extr_skcipher.c_skcipher_set_needkey.ll/O2.o
O3,108,/home/calebe/Downloads/geração_de_prompt_label/Resultados_opt_niveis/Resultados extr_skcipher.c_skcipher_set_needkey.ll/O3.o
Os,108,/home/calebe/Downloads/geração_de_prompt_label/Resultados_opt_niveis/Resultados extr_skcipher.c_skcipher_set_needkey.ll/Os.o
Oz,108,/home/calebe/Downloads/geração_de_prompt_label/Resultados_opt_niveis/Resultados extr_skcipher.c_skcipher_set_needkey.ll/Oz.o
