otimizacao,dec_bytes,arquivo_o
O1,286,/home/calebe/Downloads/geração_de_prompt_label/Resultados_opt_niveis/Resultados extr_disassembler.c_arm_parallel_addsub_signed.ll/O1.o
O2,286,/home/calebe/Downloads/geração_de_prompt_label/Resultados_opt_niveis/Resultados extr_disassembler.c_arm_parallel_addsub_signed.ll/O2.o
O3,286,/home/calebe/Downloads/geração_de_prompt_label/Resultados_opt_niveis/Resultados extr_disassembler.c_arm_parallel_addsub_signed.ll/O3.o
Os,286,/home/calebe/Downloads/geração_de_prompt_label/Resultados_opt_niveis/Resultados extr_disassembler.c_arm_parallel_addsub_signed.ll/Os.o
Oz,286,/home/calebe/Downloads/geração_de_prompt_label/Resultados_opt_niveis/Resultados extr_disassembler.c_arm_parallel_addsub_signed.ll/Oz.o
