otimizacao,dec_bytes,arquivo_o
O1,28,/home/calebe/Downloads/geração_de_prompt_label/Resultados_opt_niveis/Resultados extr_pmac.c_snd_pmac_pcm_hw_free.ll/O1.o
O2,28,/home/calebe/Downloads/geração_de_prompt_label/Resultados_opt_niveis/Resultados extr_pmac.c_snd_pmac_pcm_hw_free.ll/O2.o
O3,28,/home/calebe/Downloads/geração_de_prompt_label/Resultados_opt_niveis/Resultados extr_pmac.c_snd_pmac_pcm_hw_free.ll/O3.o
Os,28,/home/calebe/Downloads/geração_de_prompt_label/Resultados_opt_niveis/Resultados extr_pmac.c_snd_pmac_pcm_hw_free.ll/Os.o
Oz,28,/home/calebe/Downloads/geração_de_prompt_label/Resultados_opt_niveis/Resultados extr_pmac.c_snd_pmac_pcm_hw_free.ll/Oz.o
