otimizacao,dec_bytes,arquivo_o
O1,74,/home/calebe/Downloads/geração_de_prompt_label/Resultados_opt_niveis/Resultados extr_write_sltg.c_init_sltg_data.ll/O1.o
O2,74,/home/calebe/Downloads/geração_de_prompt_label/Resultados_opt_niveis/Resultados extr_write_sltg.c_init_sltg_data.ll/O2.o
O3,74,/home/calebe/Downloads/geração_de_prompt_label/Resultados_opt_niveis/Resultados extr_write_sltg.c_init_sltg_data.ll/O3.o
Os,74,/home/calebe/Downloads/geração_de_prompt_label/Resultados_opt_niveis/Resultados extr_write_sltg.c_init_sltg_data.ll/Os.o
Oz,74,/home/calebe/Downloads/geração_de_prompt_label/Resultados_opt_niveis/Resultados extr_write_sltg.c_init_sltg_data.ll/Oz.o
