otimizacao,dec_bytes,arquivo_o
O1,6,/home/calebe/Downloads/geração_de_prompt_label/Resultados_opt_niveis/Resultados extr_iconv_compat.c_iconv_close_compat.ll/O1.o
O2,6,/home/calebe/Downloads/geração_de_prompt_label/Resultados_opt_niveis/Resultados extr_iconv_compat.c_iconv_close_compat.ll/O2.o
O3,6,/home/calebe/Downloads/geração_de_prompt_label/Resultados_opt_niveis/Resultados extr_iconv_compat.c_iconv_close_compat.ll/O3.o
Os,6,/home/calebe/Downloads/geração_de_prompt_label/Resultados_opt_niveis/Resultados extr_iconv_compat.c_iconv_close_compat.ll/Os.o
Oz,6,/home/calebe/Downloads/geração_de_prompt_label/Resultados_opt_niveis/Resultados extr_iconv_compat.c_iconv_close_compat.ll/Oz.o
