otimizacao,dec_bytes,arquivo_o
O1,119,/home/calebe/Downloads/geração_de_prompt_label/Resultados_opt_niveis/Resultados extr_omap-aes.c_fallback_show.ll/O1.o
O2,119,/home/calebe/Downloads/geração_de_prompt_label/Resultados_opt_niveis/Resultados extr_omap-aes.c_fallback_show.ll/O2.o
O3,119,/home/calebe/Downloads/geração_de_prompt_label/Resultados_opt_niveis/Resultados extr_omap-aes.c_fallback_show.ll/O3.o
Os,119,/home/calebe/Downloads/geração_de_prompt_label/Resultados_opt_niveis/Resultados extr_omap-aes.c_fallback_show.ll/Os.o
Oz,119,/home/calebe/Downloads/geração_de_prompt_label/Resultados_opt_niveis/Resultados extr_omap-aes.c_fallback_show.ll/Oz.o
