otimizacao,dec_bytes,arquivo_o
O1,30,/home/calebe/Downloads/geração_de_prompt_label/Resultados_opt_niveis/Resultados extr_posix-timers.c_posix_clock_realtime_get.ll/O1.o
O2,30,/home/calebe/Downloads/geração_de_prompt_label/Resultados_opt_niveis/Resultados extr_posix-timers.c_posix_clock_realtime_get.ll/O2.o
O3,30,/home/calebe/Downloads/geração_de_prompt_label/Resultados_opt_niveis/Resultados extr_posix-timers.c_posix_clock_realtime_get.ll/O3.o
Os,30,/home/calebe/Downloads/geração_de_prompt_label/Resultados_opt_niveis/Resultados extr_posix-timers.c_posix_clock_realtime_get.ll/Os.o
Oz,30,/home/calebe/Downloads/geração_de_prompt_label/Resultados_opt_niveis/Resultados extr_posix-timers.c_posix_clock_realtime_get.ll/Oz.o
