otimizacao,dec_bytes,arquivo_o
O1,72,/home/calebe/Downloads/geração_de_prompt_label/Resultados_opt_niveis/Resultados extr_connect.c_server_feature_value.ll/O1.o
O2,72,/home/calebe/Downloads/geração_de_prompt_label/Resultados_opt_niveis/Resultados extr_connect.c_server_feature_value.ll/O2.o
O3,72,/home/calebe/Downloads/geração_de_prompt_label/Resultados_opt_niveis/Resultados extr_connect.c_server_feature_value.ll/O3.o
Os,72,/home/calebe/Downloads/geração_de_prompt_label/Resultados_opt_niveis/Resultados extr_connect.c_server_feature_value.ll/Os.o
Oz,72,/home/calebe/Downloads/geração_de_prompt_label/Resultados_opt_niveis/Resultados extr_connect.c_server_feature_value.ll/Oz.o
