otimizacao,dec_bytes,arquivo_o
O1,160,/home/calebe/Downloads/geração_de_prompt_label/Resultados_opt_niveis/Resultados extr_parser.c_cp_block_requires_copying.ll/O1.o
O2,160,/home/calebe/Downloads/geração_de_prompt_label/Resultados_opt_niveis/Resultados extr_parser.c_cp_block_requires_copying.ll/O2.o
O3,160,/home/calebe/Downloads/geração_de_prompt_label/Resultados_opt_niveis/Resultados extr_parser.c_cp_block_requires_copying.ll/O3.o
Os,160,/home/calebe/Downloads/geração_de_prompt_label/Resultados_opt_niveis/Resultados extr_parser.c_cp_block_requires_copying.ll/Os.o
Oz,160,/home/calebe/Downloads/geração_de_prompt_label/Resultados_opt_niveis/Resultados extr_parser.c_cp_block_requires_copying.ll/Oz.o
