otimizacao,dec_bytes,arquivo_o
O1,235,/home/calebe/Downloads/geração_de_prompt_label/Resultados_opt_niveis/Resultados extr_smp.c_riscv_hartid_to_cpuid.ll/O1.o
O2,235,/home/calebe/Downloads/geração_de_prompt_label/Resultados_opt_niveis/Resultados extr_smp.c_riscv_hartid_to_cpuid.ll/O2.o
O3,235,/home/calebe/Downloads/geração_de_prompt_label/Resultados_opt_niveis/Resultados extr_smp.c_riscv_hartid_to_cpuid.ll/O3.o
Os,235,/home/calebe/Downloads/geração_de_prompt_label/Resultados_opt_niveis/Resultados extr_smp.c_riscv_hartid_to_cpuid.ll/Os.o
Oz,235,/home/calebe/Downloads/geração_de_prompt_label/Resultados_opt_niveis/Resultados extr_smp.c_riscv_hartid_to_cpuid.ll/Oz.o
