otimizacao,dec_bytes,arquivo_o
O1,68,/home/calebe/Downloads/geração_de_prompt_label/Resultados_opt_niveis/Resultados extr_aic7xxx_pci.c_ahc_aha2940Pro_setup.ll/O1.o
O2,68,/home/calebe/Downloads/geração_de_prompt_label/Resultados_opt_niveis/Resultados extr_aic7xxx_pci.c_ahc_aha2940Pro_setup.ll/O2.o
O3,68,/home/calebe/Downloads/geração_de_prompt_label/Resultados_opt_niveis/Resultados extr_aic7xxx_pci.c_ahc_aha2940Pro_setup.ll/O3.o
Os,68,/home/calebe/Downloads/geração_de_prompt_label/Resultados_opt_niveis/Resultados extr_aic7xxx_pci.c_ahc_aha2940Pro_setup.ll/Os.o
Oz,68,/home/calebe/Downloads/geração_de_prompt_label/Resultados_opt_niveis/Resultados extr_aic7xxx_pci.c_ahc_aha2940Pro_setup.ll/Oz.o
