otimizacao,dec_bytes,arquivo_o
O1,38,/home/calebe/Downloads/geração_de_prompt_label/Resultados_opt_niveis/Resultados extr_af9015.c_af9015_i2c_func.ll/O1.o
O2,38,/home/calebe/Downloads/geração_de_prompt_label/Resultados_opt_niveis/Resultados extr_af9015.c_af9015_i2c_func.ll/O2.o
O3,38,/home/calebe/Downloads/geração_de_prompt_label/Resultados_opt_niveis/Resultados extr_af9015.c_af9015_i2c_func.ll/O3.o
Os,38,/home/calebe/Downloads/geração_de_prompt_label/Resultados_opt_niveis/Resultados extr_af9015.c_af9015_i2c_func.ll/Os.o
Oz,38,/home/calebe/Downloads/geração_de_prompt_label/Resultados_opt_niveis/Resultados extr_af9015.c_af9015_i2c_func.ll/Oz.o
