otimizacao,dec_bytes,arquivo_o
O1,172,/home/calebe/Downloads/geração_de_prompt_label/Resultados_opt_niveis/Resultados extr_pg_regress.c_drop_database_if_exists.ll/O1.o
O2,172,/home/calebe/Downloads/geração_de_prompt_label/Resultados_opt_niveis/Resultados extr_pg_regress.c_drop_database_if_exists.ll/O2.o
O3,172,/home/calebe/Downloads/geração_de_prompt_label/Resultados_opt_niveis/Resultados extr_pg_regress.c_drop_database_if_exists.ll/O3.o
Os,172,/home/calebe/Downloads/geração_de_prompt_label/Resultados_opt_niveis/Resultados extr_pg_regress.c_drop_database_if_exists.ll/Os.o
Oz,172,/home/calebe/Downloads/geração_de_prompt_label/Resultados_opt_niveis/Resultados extr_pg_regress.c_drop_database_if_exists.ll/Oz.o
