otimizacao,dec_bytes,arquivo_o
O1,152,/home/calebe/Downloads/geração_de_prompt_label/Resultados_opt_niveis/Resultados extr_synclink_gt.c_free_dma_bufs.ll/O1.o
O2,152,/home/calebe/Downloads/geração_de_prompt_label/Resultados_opt_niveis/Resultados extr_synclink_gt.c_free_dma_bufs.ll/O2.o
O3,152,/home/calebe/Downloads/geração_de_prompt_label/Resultados_opt_niveis/Resultados extr_synclink_gt.c_free_dma_bufs.ll/O3.o
Os,152,/home/calebe/Downloads/geração_de_prompt_label/Resultados_opt_niveis/Resultados extr_synclink_gt.c_free_dma_bufs.ll/Os.o
Oz,152,/home/calebe/Downloads/geração_de_prompt_label/Resultados_opt_niveis/Resultados extr_synclink_gt.c_free_dma_bufs.ll/Oz.o
