otimizacao,dec_bytes,arquivo_o
O1,268,/home/calebe/Downloads/geração_de_prompt_label/Resultados_opt_niveis/Resultados extr_ip_set_bitmap_ipmac.c_bitmap_ipmac_exist.ll/O1.o
O2,268,/home/calebe/Downloads/geração_de_prompt_label/Resultados_opt_niveis/Resultados extr_ip_set_bitmap_ipmac.c_bitmap_ipmac_exist.ll/O2.o
O3,268,/home/calebe/Downloads/geração_de_prompt_label/Resultados_opt_niveis/Resultados extr_ip_set_bitmap_ipmac.c_bitmap_ipmac_exist.ll/O3.o
Os,268,/home/calebe/Downloads/geração_de_prompt_label/Resultados_opt_niveis/Resultados extr_ip_set_bitmap_ipmac.c_bitmap_ipmac_exist.ll/Os.o
Oz,268,/home/calebe/Downloads/geração_de_prompt_label/Resultados_opt_niveis/Resultados extr_ip_set_bitmap_ipmac.c_bitmap_ipmac_exist.ll/Oz.o
