otimizacao,dec_bytes,arquivo_o
O1,282,/home/calebe/Downloads/geração_de_prompt_label/Resultados_opt_niveis/Resultados extr_cluster.c_clusterBroadcastDelJob.ll/O1.o
O2,282,/home/calebe/Downloads/geração_de_prompt_label/Resultados_opt_niveis/Resultados extr_cluster.c_clusterBroadcastDelJob.ll/O2.o
O3,282,/home/calebe/Downloads/geração_de_prompt_label/Resultados_opt_niveis/Resultados extr_cluster.c_clusterBroadcastDelJob.ll/O3.o
Os,282,/home/calebe/Downloads/geração_de_prompt_label/Resultados_opt_niveis/Resultados extr_cluster.c_clusterBroadcastDelJob.ll/Os.o
Oz,282,/home/calebe/Downloads/geração_de_prompt_label/Resultados_opt_niveis/Resultados extr_cluster.c_clusterBroadcastDelJob.ll/Oz.o
