otimizacao,dec_bytes,arquivo_o
O1,94,/home/calebe/Downloads/geração_de_prompt_label/Resultados_opt_niveis/Resultados extr_i2c-wmt.c_wmt_i2c_func.ll/O1.o
O2,94,/home/calebe/Downloads/geração_de_prompt_label/Resultados_opt_niveis/Resultados extr_i2c-wmt.c_wmt_i2c_func.ll/O2.o
O3,94,/home/calebe/Downloads/geração_de_prompt_label/Resultados_opt_niveis/Resultados extr_i2c-wmt.c_wmt_i2c_func.ll/O3.o
Os,94,/home/calebe/Downloads/geração_de_prompt_label/Resultados_opt_niveis/Resultados extr_i2c-wmt.c_wmt_i2c_func.ll/Os.o
Oz,94,/home/calebe/Downloads/geração_de_prompt_label/Resultados_opt_niveis/Resultados extr_i2c-wmt.c_wmt_i2c_func.ll/Oz.o
