otimizacao,dec_bytes,arquivo_o
O1,38,/home/calebe/Downloads/geração_de_prompt_label/Resultados_opt_niveis/Resultados extr_p4-clockmod.c_cpufreq_p4_cpu_exit.ll/O1.o
O2,38,/home/calebe/Downloads/geração_de_prompt_label/Resultados_opt_niveis/Resultados extr_p4-clockmod.c_cpufreq_p4_cpu_exit.ll/O2.o
O3,38,/home/calebe/Downloads/geração_de_prompt_label/Resultados_opt_niveis/Resultados extr_p4-clockmod.c_cpufreq_p4_cpu_exit.ll/O3.o
Os,38,/home/calebe/Downloads/geração_de_prompt_label/Resultados_opt_niveis/Resultados extr_p4-clockmod.c_cpufreq_p4_cpu_exit.ll/Os.o
Oz,38,/home/calebe/Downloads/geração_de_prompt_label/Resultados_opt_niveis/Resultados extr_p4-clockmod.c_cpufreq_p4_cpu_exit.ll/Oz.o
