otimizacao,dec_bytes,arquivo_o
O1,108,/home/calebe/Downloads/geração_de_prompt_label/Resultados_opt_niveis/Resultados extr_t1.c_opj_t1_dec_refpass_mqc.ll/O1.o
O2,108,/home/calebe/Downloads/geração_de_prompt_label/Resultados_opt_niveis/Resultados extr_t1.c_opj_t1_dec_refpass_mqc.ll/O2.o
O3,108,/home/calebe/Downloads/geração_de_prompt_label/Resultados_opt_niveis/Resultados extr_t1.c_opj_t1_dec_refpass_mqc.ll/O3.o
Os,108,/home/calebe/Downloads/geração_de_prompt_label/Resultados_opt_niveis/Resultados extr_t1.c_opj_t1_dec_refpass_mqc.ll/Os.o
Oz,108,/home/calebe/Downloads/geração_de_prompt_label/Resultados_opt_niveis/Resultados extr_t1.c_opj_t1_dec_refpass_mqc.ll/Oz.o
