otimizacao,dec_bytes,arquivo_o
O1,204,/home/calebe/Downloads/geração_de_prompt_label/Resultados_opt_niveis/Resultados extr_cfg.c_is_jmp_insn.ll/O1.o
O2,204,/home/calebe/Downloads/geração_de_prompt_label/Resultados_opt_niveis/Resultados extr_cfg.c_is_jmp_insn.ll/O2.o
O3,204,/home/calebe/Downloads/geração_de_prompt_label/Resultados_opt_niveis/Resultados extr_cfg.c_is_jmp_insn.ll/O3.o
Os,204,/home/calebe/Downloads/geração_de_prompt_label/Resultados_opt_niveis/Resultados extr_cfg.c_is_jmp_insn.ll/Os.o
Oz,204,/home/calebe/Downloads/geração_de_prompt_label/Resultados_opt_niveis/Resultados extr_cfg.c_is_jmp_insn.ll/Oz.o
