otimizacao,dec_bytes,arquivo_o
O1,92,/home/calebe/Downloads/geração_de_prompt_label/Resultados_opt_niveis/Resultados extr_stem_UTF_8_finnish.c_r_LONG.ll/O1.o
O2,92,/home/calebe/Downloads/geração_de_prompt_label/Resultados_opt_niveis/Resultados extr_stem_UTF_8_finnish.c_r_LONG.ll/O2.o
O3,92,/home/calebe/Downloads/geração_de_prompt_label/Resultados_opt_niveis/Resultados extr_stem_UTF_8_finnish.c_r_LONG.ll/O3.o
Os,92,/home/calebe/Downloads/geração_de_prompt_label/Resultados_opt_niveis/Resultados extr_stem_UTF_8_finnish.c_r_LONG.ll/Os.o
Oz,92,/home/calebe/Downloads/geração_de_prompt_label/Resultados_opt_niveis/Resultados extr_stem_UTF_8_finnish.c_r_LONG.ll/Oz.o
