otimizacao,dec_bytes,arquivo_o
O1,228,/home/calebe/Downloads/geração_de_prompt_label/Resultados_opt_niveis/Resultados extr_amd8111e.c_amd8111e_stop_chip.ll/O1.o
O2,228,/home/calebe/Downloads/geração_de_prompt_label/Resultados_opt_niveis/Resultados extr_amd8111e.c_amd8111e_stop_chip.ll/O2.o
O3,228,/home/calebe/Downloads/geração_de_prompt_label/Resultados_opt_niveis/Resultados extr_amd8111e.c_amd8111e_stop_chip.ll/O3.o
Os,228,/home/calebe/Downloads/geração_de_prompt_label/Resultados_opt_niveis/Resultados extr_amd8111e.c_amd8111e_stop_chip.ll/Os.o
Oz,228,/home/calebe/Downloads/geração_de_prompt_label/Resultados_opt_niveis/Resultados extr_amd8111e.c_amd8111e_stop_chip.ll/Oz.o
