otimizacao,dec_bytes,arquivo_o
O1,166,/home/calebe/Downloads/geração_de_prompt_label/Resultados_opt_niveis/Resultados extr_system_methods.c_xsm_register.ll/O1.o
O2,166,/home/calebe/Downloads/geração_de_prompt_label/Resultados_opt_niveis/Resultados extr_system_methods.c_xsm_register.ll/O2.o
O3,166,/home/calebe/Downloads/geração_de_prompt_label/Resultados_opt_niveis/Resultados extr_system_methods.c_xsm_register.ll/O3.o
Os,166,/home/calebe/Downloads/geração_de_prompt_label/Resultados_opt_niveis/Resultados extr_system_methods.c_xsm_register.ll/Os.o
Oz,166,/home/calebe/Downloads/geração_de_prompt_label/Resultados_opt_niveis/Resultados extr_system_methods.c_xsm_register.ll/Oz.o
