otimizacao,dec_bytes,arquivo_o
O1,220,/home/calebe/Downloads/geração_de_prompt_label/Resultados_opt_niveis/Resultados extr_mvsw61xx.c_mvsw61xx_mdio_page_write.ll/O1.o
O2,220,/home/calebe/Downloads/geração_de_prompt_label/Resultados_opt_niveis/Resultados extr_mvsw61xx.c_mvsw61xx_mdio_page_write.ll/O2.o
O3,220,/home/calebe/Downloads/geração_de_prompt_label/Resultados_opt_niveis/Resultados extr_mvsw61xx.c_mvsw61xx_mdio_page_write.ll/O3.o
Os,220,/home/calebe/Downloads/geração_de_prompt_label/Resultados_opt_niveis/Resultados extr_mvsw61xx.c_mvsw61xx_mdio_page_write.ll/Os.o
Oz,220,/home/calebe/Downloads/geração_de_prompt_label/Resultados_opt_niveis/Resultados extr_mvsw61xx.c_mvsw61xx_mdio_page_write.ll/Oz.o
