otimizacao,dec_bytes,arquivo_o
O1,208,/home/calebe/Downloads/geração_de_prompt_label/Resultados_opt_niveis/Resultados extr_fifo_icap.c_fifo_icap_fifo_read.ll/O1.o
O2,208,/home/calebe/Downloads/geração_de_prompt_label/Resultados_opt_niveis/Resultados extr_fifo_icap.c_fifo_icap_fifo_read.ll/O2.o
O3,208,/home/calebe/Downloads/geração_de_prompt_label/Resultados_opt_niveis/Resultados extr_fifo_icap.c_fifo_icap_fifo_read.ll/O3.o
Os,208,/home/calebe/Downloads/geração_de_prompt_label/Resultados_opt_niveis/Resultados extr_fifo_icap.c_fifo_icap_fifo_read.ll/Os.o
Oz,208,/home/calebe/Downloads/geração_de_prompt_label/Resultados_opt_niveis/Resultados extr_fifo_icap.c_fifo_icap_fifo_read.ll/Oz.o
