otimizacao,dec_bytes,arquivo_o
O1,26,/home/calebe/Downloads/geração_de_prompt_label/Resultados_opt_niveis/Resultados extr_kuhl_m_privilege.c_kuhl_m_privilege_sysenv.ll/O1.o
O2,26,/home/calebe/Downloads/geração_de_prompt_label/Resultados_opt_niveis/Resultados extr_kuhl_m_privilege.c_kuhl_m_privilege_sysenv.ll/O2.o
O3,26,/home/calebe/Downloads/geração_de_prompt_label/Resultados_opt_niveis/Resultados extr_kuhl_m_privilege.c_kuhl_m_privilege_sysenv.ll/O3.o
Os,26,/home/calebe/Downloads/geração_de_prompt_label/Resultados_opt_niveis/Resultados extr_kuhl_m_privilege.c_kuhl_m_privilege_sysenv.ll/Os.o
Oz,26,/home/calebe/Downloads/geração_de_prompt_label/Resultados_opt_niveis/Resultados extr_kuhl_m_privilege.c_kuhl_m_privilege_sysenv.ll/Oz.o
