otimizacao,dec_bytes,arquivo_o
O1,84,/home/calebe/Downloads/geração_de_prompt_label/Resultados_opt_niveis/Resultados extr_assem_x64.c_emit_cmphi.ll/O1.o
O2,84,/home/calebe/Downloads/geração_de_prompt_label/Resultados_opt_niveis/Resultados extr_assem_x64.c_emit_cmphi.ll/O2.o
O3,84,/home/calebe/Downloads/geração_de_prompt_label/Resultados_opt_niveis/Resultados extr_assem_x64.c_emit_cmphi.ll/O3.o
Os,84,/home/calebe/Downloads/geração_de_prompt_label/Resultados_opt_niveis/Resultados extr_assem_x64.c_emit_cmphi.ll/Os.o
Oz,84,/home/calebe/Downloads/geração_de_prompt_label/Resultados_opt_niveis/Resultados extr_assem_x64.c_emit_cmphi.ll/Oz.o
