otimizacao,dec_bytes,arquivo_o
O1,52,/home/calebe/Downloads/geração_de_prompt_label/Resultados_opt_niveis/Resultados extr_qed_vf.h_qed_vf_pf_vport_stop.ll/O1.o
O2,52,/home/calebe/Downloads/geração_de_prompt_label/Resultados_opt_niveis/Resultados extr_qed_vf.h_qed_vf_pf_vport_stop.ll/O2.o
O3,52,/home/calebe/Downloads/geração_de_prompt_label/Resultados_opt_niveis/Resultados extr_qed_vf.h_qed_vf_pf_vport_stop.ll/O3.o
Os,52,/home/calebe/Downloads/geração_de_prompt_label/Resultados_opt_niveis/Resultados extr_qed_vf.h_qed_vf_pf_vport_stop.ll/Os.o
Oz,52,/home/calebe/Downloads/geração_de_prompt_label/Resultados_opt_niveis/Resultados extr_qed_vf.h_qed_vf_pf_vport_stop.ll/Oz.o
