otimizacao,dec_bytes,arquivo_o
O1,136,/home/calebe/Downloads/geração_de_prompt_label/Resultados_opt_niveis/Resultados extr_intel_display_power.c_i830_pipes_power_well_enabled.ll/O1.o
O2,136,/home/calebe/Downloads/geração_de_prompt_label/Resultados_opt_niveis/Resultados extr_intel_display_power.c_i830_pipes_power_well_enabled.ll/O2.o
O3,136,/home/calebe/Downloads/geração_de_prompt_label/Resultados_opt_niveis/Resultados extr_intel_display_power.c_i830_pipes_power_well_enabled.ll/O3.o
Os,136,/home/calebe/Downloads/geração_de_prompt_label/Resultados_opt_niveis/Resultados extr_intel_display_power.c_i830_pipes_power_well_enabled.ll/Os.o
Oz,136,/home/calebe/Downloads/geração_de_prompt_label/Resultados_opt_niveis/Resultados extr_intel_display_power.c_i830_pipes_power_well_enabled.ll/Oz.o
