otimizacao,dec_bytes,arquivo_o
O1,100,/home/calebe/Downloads/geração_de_prompt_label/Resultados_opt_niveis/Resultados extr_main.c_mlx5_ib_stage_counters_cleanup.ll/O1.o
O2,100,/home/calebe/Downloads/geração_de_prompt_label/Resultados_opt_niveis/Resultados extr_main.c_mlx5_ib_stage_counters_cleanup.ll/O2.o
O3,100,/home/calebe/Downloads/geração_de_prompt_label/Resultados_opt_niveis/Resultados extr_main.c_mlx5_ib_stage_counters_cleanup.ll/O3.o
Os,100,/home/calebe/Downloads/geração_de_prompt_label/Resultados_opt_niveis/Resultados extr_main.c_mlx5_ib_stage_counters_cleanup.ll/Os.o
Oz,100,/home/calebe/Downloads/geração_de_prompt_label/Resultados_opt_niveis/Resultados extr_main.c_mlx5_ib_stage_counters_cleanup.ll/Oz.o
