otimizacao,dec_bytes,arquivo_o
O1,94,/home/calebe/Downloads/geração_de_prompt_label/Resultados_opt_niveis/Resultados extr_codec_mpeg12.c_codec_mpeg12_recycle.ll/O1.o
O2,94,/home/calebe/Downloads/geração_de_prompt_label/Resultados_opt_niveis/Resultados extr_codec_mpeg12.c_codec_mpeg12_recycle.ll/O2.o
O3,94,/home/calebe/Downloads/geração_de_prompt_label/Resultados_opt_niveis/Resultados extr_codec_mpeg12.c_codec_mpeg12_recycle.ll/O3.o
Os,94,/home/calebe/Downloads/geração_de_prompt_label/Resultados_opt_niveis/Resultados extr_codec_mpeg12.c_codec_mpeg12_recycle.ll/Os.o
Oz,94,/home/calebe/Downloads/geração_de_prompt_label/Resultados_opt_niveis/Resultados extr_codec_mpeg12.c_codec_mpeg12_recycle.ll/Oz.o
