otimizacao,dec_bytes,arquivo_o
O1,140,/home/calebe/Downloads/geração_de_prompt_label/Resultados_opt_niveis/Resultados extr_raid5-log.h_log_write_stripe_run.ll/O1.o
O2,140,/home/calebe/Downloads/geração_de_prompt_label/Resultados_opt_niveis/Resultados extr_raid5-log.h_log_write_stripe_run.ll/O2.o
O3,140,/home/calebe/Downloads/geração_de_prompt_label/Resultados_opt_niveis/Resultados extr_raid5-log.h_log_write_stripe_run.ll/O3.o
Os,140,/home/calebe/Downloads/geração_de_prompt_label/Resultados_opt_niveis/Resultados extr_raid5-log.h_log_write_stripe_run.ll/Os.o
Oz,140,/home/calebe/Downloads/geração_de_prompt_label/Resultados_opt_niveis/Resultados extr_raid5-log.h_log_write_stripe_run.ll/Oz.o
