otimizacao,dec_bytes,arquivo_o
O1,150,/home/calebe/Downloads/geração_de_prompt_label/Resultados_opt_niveis/Resultados extr_xgene_enet_hw.c_xgene_enet_config_ring_if_assoc.ll/O1.o
O2,150,/home/calebe/Downloads/geração_de_prompt_label/Resultados_opt_niveis/Resultados extr_xgene_enet_hw.c_xgene_enet_config_ring_if_assoc.ll/O2.o
O3,150,/home/calebe/Downloads/geração_de_prompt_label/Resultados_opt_niveis/Resultados extr_xgene_enet_hw.c_xgene_enet_config_ring_if_assoc.ll/O3.o
Os,150,/home/calebe/Downloads/geração_de_prompt_label/Resultados_opt_niveis/Resultados extr_xgene_enet_hw.c_xgene_enet_config_ring_if_assoc.ll/Os.o
Oz,150,/home/calebe/Downloads/geração_de_prompt_label/Resultados_opt_niveis/Resultados extr_xgene_enet_hw.c_xgene_enet_config_ring_if_assoc.ll/Oz.o
