otimizacao,dec_bytes,arquivo_o
O1,74,/home/calebe/Downloads/geração_de_prompt_label/Resultados_opt_niveis/Resultados extr_obs-properties.c_frame_rate_data_free.ll/O1.o
O2,74,/home/calebe/Downloads/geração_de_prompt_label/Resultados_opt_niveis/Resultados extr_obs-properties.c_frame_rate_data_free.ll/O2.o
O3,74,/home/calebe/Downloads/geração_de_prompt_label/Resultados_opt_niveis/Resultados extr_obs-properties.c_frame_rate_data_free.ll/O3.o
Os,74,/home/calebe/Downloads/geração_de_prompt_label/Resultados_opt_niveis/Resultados extr_obs-properties.c_frame_rate_data_free.ll/Os.o
Oz,74,/home/calebe/Downloads/geração_de_prompt_label/Resultados_opt_niveis/Resultados extr_obs-properties.c_frame_rate_data_free.ll/Oz.o
