otimizacao,dec_bytes,arquivo_o
O1,30,/home/calebe/Downloads/geração_de_prompt_label/Resultados_opt_niveis/Resultados extr_ehca_reqs.c_get_app_wr_id.ll/O1.o
O2,30,/home/calebe/Downloads/geração_de_prompt_label/Resultados_opt_niveis/Resultados extr_ehca_reqs.c_get_app_wr_id.ll/O2.o
O3,30,/home/calebe/Downloads/geração_de_prompt_label/Resultados_opt_niveis/Resultados extr_ehca_reqs.c_get_app_wr_id.ll/O3.o
Os,30,/home/calebe/Downloads/geração_de_prompt_label/Resultados_opt_niveis/Resultados extr_ehca_reqs.c_get_app_wr_id.ll/Os.o
Oz,30,/home/calebe/Downloads/geração_de_prompt_label/Resultados_opt_niveis/Resultados extr_ehca_reqs.c_get_app_wr_id.ll/Oz.o
