otimizacao,dec_bytes,arquivo_o
O1,115,/home/calebe/Downloads/geração_de_prompt_label/Resultados_opt_niveis/Resultados extr_24222.c_usage.ll/O1.o
O2,115,/home/calebe/Downloads/geração_de_prompt_label/Resultados_opt_niveis/Resultados extr_24222.c_usage.ll/O2.o
O3,115,/home/calebe/Downloads/geração_de_prompt_label/Resultados_opt_niveis/Resultados extr_24222.c_usage.ll/O3.o
Os,115,/home/calebe/Downloads/geração_de_prompt_label/Resultados_opt_niveis/Resultados extr_24222.c_usage.ll/Os.o
Oz,115,/home/calebe/Downloads/geração_de_prompt_label/Resultados_opt_niveis/Resultados extr_24222.c_usage.ll/Oz.o
