otimizacao,dec_bytes,arquivo_o
O1,50,/home/calebe/Downloads/geração_de_prompt_label/Resultados_opt_niveis/Resultados extr_act_meta_skbtcindex.c_skbtcindex_check.ll/O1.o
O2,50,/home/calebe/Downloads/geração_de_prompt_label/Resultados_opt_niveis/Resultados extr_act_meta_skbtcindex.c_skbtcindex_check.ll/O2.o
O3,50,/home/calebe/Downloads/geração_de_prompt_label/Resultados_opt_niveis/Resultados extr_act_meta_skbtcindex.c_skbtcindex_check.ll/O3.o
Os,50,/home/calebe/Downloads/geração_de_prompt_label/Resultados_opt_niveis/Resultados extr_act_meta_skbtcindex.c_skbtcindex_check.ll/Os.o
Oz,50,/home/calebe/Downloads/geração_de_prompt_label/Resultados_opt_niveis/Resultados extr_act_meta_skbtcindex.c_skbtcindex_check.ll/Oz.o
