otimizacao,dec_bytes,arquivo_o
O1,58,/home/calebe/Downloads/geração_de_prompt_label/Resultados_opt_niveis/Resultados extr_cq.c_mlx5_end_poll_stall_lock.ll/O1.o
O2,58,/home/calebe/Downloads/geração_de_prompt_label/Resultados_opt_niveis/Resultados extr_cq.c_mlx5_end_poll_stall_lock.ll/O2.o
O3,58,/home/calebe/Downloads/geração_de_prompt_label/Resultados_opt_niveis/Resultados extr_cq.c_mlx5_end_poll_stall_lock.ll/O3.o
Os,58,/home/calebe/Downloads/geração_de_prompt_label/Resultados_opt_niveis/Resultados extr_cq.c_mlx5_end_poll_stall_lock.ll/Os.o
Oz,58,/home/calebe/Downloads/geração_de_prompt_label/Resultados_opt_niveis/Resultados extr_cq.c_mlx5_end_poll_stall_lock.ll/Oz.o
