otimizacao,dec_bytes,arquivo_o
O1,30,/home/calebe/Downloads/geração_de_prompt_label/Resultados_opt_niveis/Resultados extr_tree-dfa.c_debug_variable.ll/O1.o
O2,30,/home/calebe/Downloads/geração_de_prompt_label/Resultados_opt_niveis/Resultados extr_tree-dfa.c_debug_variable.ll/O2.o
O3,30,/home/calebe/Downloads/geração_de_prompt_label/Resultados_opt_niveis/Resultados extr_tree-dfa.c_debug_variable.ll/O3.o
Os,30,/home/calebe/Downloads/geração_de_prompt_label/Resultados_opt_niveis/Resultados extr_tree-dfa.c_debug_variable.ll/Os.o
Oz,30,/home/calebe/Downloads/geração_de_prompt_label/Resultados_opt_niveis/Resultados extr_tree-dfa.c_debug_variable.ll/Oz.o
