otimizacao,dec_bytes,arquivo_o
O1,346,/home/calebe/Downloads/geração_de_prompt_label/Resultados_opt_niveis/Resultados extr_gmc_v6_0.c_gmc_v6_0_set_fault_enable_default.ll/O1.o
O2,346,/home/calebe/Downloads/geração_de_prompt_label/Resultados_opt_niveis/Resultados extr_gmc_v6_0.c_gmc_v6_0_set_fault_enable_default.ll/O2.o
O3,346,/home/calebe/Downloads/geração_de_prompt_label/Resultados_opt_niveis/Resultados extr_gmc_v6_0.c_gmc_v6_0_set_fault_enable_default.ll/O3.o
Os,346,/home/calebe/Downloads/geração_de_prompt_label/Resultados_opt_niveis/Resultados extr_gmc_v6_0.c_gmc_v6_0_set_fault_enable_default.ll/Os.o
Oz,346,/home/calebe/Downloads/geração_de_prompt_label/Resultados_opt_niveis/Resultados extr_gmc_v6_0.c_gmc_v6_0_set_fault_enable_default.ll/Oz.o
