otimizacao,dec_bytes,arquivo_o
O1,288,/home/calebe/Downloads/geração_de_prompt_label/Resultados_opt_niveis/Resultados extr_musb_host.c_musb_h_tx_start.ll/O1.o
O2,288,/home/calebe/Downloads/geração_de_prompt_label/Resultados_opt_niveis/Resultados extr_musb_host.c_musb_h_tx_start.ll/O2.o
O3,288,/home/calebe/Downloads/geração_de_prompt_label/Resultados_opt_niveis/Resultados extr_musb_host.c_musb_h_tx_start.ll/O3.o
Os,288,/home/calebe/Downloads/geração_de_prompt_label/Resultados_opt_niveis/Resultados extr_musb_host.c_musb_h_tx_start.ll/Os.o
Oz,288,/home/calebe/Downloads/geração_de_prompt_label/Resultados_opt_niveis/Resultados extr_musb_host.c_musb_h_tx_start.ll/Oz.o
