otimizacao,dec_bytes,arquivo_o
O1,192,/home/calebe/Downloads/geração_de_prompt_label/Resultados_opt_niveis/Resultados extr_bt87x.c_snd_bt87x_free.ll/O1.o
O2,192,/home/calebe/Downloads/geração_de_prompt_label/Resultados_opt_niveis/Resultados extr_bt87x.c_snd_bt87x_free.ll/O2.o
O3,192,/home/calebe/Downloads/geração_de_prompt_label/Resultados_opt_niveis/Resultados extr_bt87x.c_snd_bt87x_free.ll/O3.o
Os,192,/home/calebe/Downloads/geração_de_prompt_label/Resultados_opt_niveis/Resultados extr_bt87x.c_snd_bt87x_free.ll/Os.o
Oz,192,/home/calebe/Downloads/geração_de_prompt_label/Resultados_opt_niveis/Resultados extr_bt87x.c_snd_bt87x_free.ll/Oz.o
