otimizacao,dec_bytes,arquivo_o
O1,42,/home/calebe/Downloads/geração_de_prompt_label/Resultados_opt_niveis/Resultados extr_atmel-aes.c_atmel_aes_gcm_encrypt.ll/O1.o
O2,42,/home/calebe/Downloads/geração_de_prompt_label/Resultados_opt_niveis/Resultados extr_atmel-aes.c_atmel_aes_gcm_encrypt.ll/O2.o
O3,42,/home/calebe/Downloads/geração_de_prompt_label/Resultados_opt_niveis/Resultados extr_atmel-aes.c_atmel_aes_gcm_encrypt.ll/O3.o
Os,42,/home/calebe/Downloads/geração_de_prompt_label/Resultados_opt_niveis/Resultados extr_atmel-aes.c_atmel_aes_gcm_encrypt.ll/Os.o
Oz,42,/home/calebe/Downloads/geração_de_prompt_label/Resultados_opt_niveis/Resultados extr_atmel-aes.c_atmel_aes_gcm_encrypt.ll/Oz.o
