otimizacao,dec_bytes,arquivo_o
O1,10,/home/calebe/Downloads/geração_de_prompt_label/Resultados_opt_niveis/Resultados extr_io.c_omap_readw.ll/O1.o
O2,10,/home/calebe/Downloads/geração_de_prompt_label/Resultados_opt_niveis/Resultados extr_io.c_omap_readw.ll/O2.o
O3,10,/home/calebe/Downloads/geração_de_prompt_label/Resultados_opt_niveis/Resultados extr_io.c_omap_readw.ll/O3.o
Os,10,/home/calebe/Downloads/geração_de_prompt_label/Resultados_opt_niveis/Resultados extr_io.c_omap_readw.ll/Os.o
Oz,10,/home/calebe/Downloads/geração_de_prompt_label/Resultados_opt_niveis/Resultados extr_io.c_omap_readw.ll/Oz.o
