otimizacao,dec_bytes,arquivo_o
O1,22,/home/calebe/Downloads/geração_de_prompt_label/Resultados_opt_niveis/Resultados extr_mdp5.xml.h_REG_MDP5_DSPP_DITHER_DEPTH.ll/O1.o
O2,22,/home/calebe/Downloads/geração_de_prompt_label/Resultados_opt_niveis/Resultados extr_mdp5.xml.h_REG_MDP5_DSPP_DITHER_DEPTH.ll/O2.o
O3,22,/home/calebe/Downloads/geração_de_prompt_label/Resultados_opt_niveis/Resultados extr_mdp5.xml.h_REG_MDP5_DSPP_DITHER_DEPTH.ll/O3.o
Os,22,/home/calebe/Downloads/geração_de_prompt_label/Resultados_opt_niveis/Resultados extr_mdp5.xml.h_REG_MDP5_DSPP_DITHER_DEPTH.ll/Os.o
Oz,22,/home/calebe/Downloads/geração_de_prompt_label/Resultados_opt_niveis/Resultados extr_mdp5.xml.h_REG_MDP5_DSPP_DITHER_DEPTH.ll/Oz.o
