otimizacao,dec_bytes,arquivo_o
O1,182,/home/calebe/Downloads/geração_de_prompt_label/Resultados_opt_niveis/Resultados extr_bh1770glc.c_bh1770_get_corr_value.ll/O1.o
O2,182,/home/calebe/Downloads/geração_de_prompt_label/Resultados_opt_niveis/Resultados extr_bh1770glc.c_bh1770_get_corr_value.ll/O2.o
O3,182,/home/calebe/Downloads/geração_de_prompt_label/Resultados_opt_niveis/Resultados extr_bh1770glc.c_bh1770_get_corr_value.ll/O3.o
Os,182,/home/calebe/Downloads/geração_de_prompt_label/Resultados_opt_niveis/Resultados extr_bh1770glc.c_bh1770_get_corr_value.ll/Os.o
Oz,182,/home/calebe/Downloads/geração_de_prompt_label/Resultados_opt_niveis/Resultados extr_bh1770glc.c_bh1770_get_corr_value.ll/Oz.o
