otimizacao,dec_bytes,arquivo_o
O1,8,/home/calebe/Downloads/geração_de_prompt_label/Resultados_opt_niveis/Resultados extr_iso9660.c_unsetenv.ll/O1.o
O2,8,/home/calebe/Downloads/geração_de_prompt_label/Resultados_opt_niveis/Resultados extr_iso9660.c_unsetenv.ll/O2.o
O3,8,/home/calebe/Downloads/geração_de_prompt_label/Resultados_opt_niveis/Resultados extr_iso9660.c_unsetenv.ll/O3.o
Os,8,/home/calebe/Downloads/geração_de_prompt_label/Resultados_opt_niveis/Resultados extr_iso9660.c_unsetenv.ll/Os.o
Oz,8,/home/calebe/Downloads/geração_de_prompt_label/Resultados_opt_niveis/Resultados extr_iso9660.c_unsetenv.ll/Oz.o
