otimizacao,dec_bytes,arquivo_o
O1,893,/home/calebe/Downloads/geração_de_prompt_label/Resultados_opt_niveis/Resultados extr_a2xx_gpu.c_a2xx_recover.ll/O1.o
O2,893,/home/calebe/Downloads/geração_de_prompt_label/Resultados_opt_niveis/Resultados extr_a2xx_gpu.c_a2xx_recover.ll/O2.o
O3,893,/home/calebe/Downloads/geração_de_prompt_label/Resultados_opt_niveis/Resultados extr_a2xx_gpu.c_a2xx_recover.ll/O3.o
Os,893,/home/calebe/Downloads/geração_de_prompt_label/Resultados_opt_niveis/Resultados extr_a2xx_gpu.c_a2xx_recover.ll/Os.o
Oz,893,/home/calebe/Downloads/geração_de_prompt_label/Resultados_opt_niveis/Resultados extr_a2xx_gpu.c_a2xx_recover.ll/Oz.o
