otimizacao,dec_bytes,arquivo_o
O1,38,/home/calebe/Downloads/geração_de_prompt_label/Resultados_opt_niveis/Resultados extr_g12a-tohdmitx.c_g12a_tohdmitx_input_remove.ll/O1.o
O2,38,/home/calebe/Downloads/geração_de_prompt_label/Resultados_opt_niveis/Resultados extr_g12a-tohdmitx.c_g12a_tohdmitx_input_remove.ll/O2.o
O3,38,/home/calebe/Downloads/geração_de_prompt_label/Resultados_opt_niveis/Resultados extr_g12a-tohdmitx.c_g12a_tohdmitx_input_remove.ll/O3.o
Os,38,/home/calebe/Downloads/geração_de_prompt_label/Resultados_opt_niveis/Resultados extr_g12a-tohdmitx.c_g12a_tohdmitx_input_remove.ll/Os.o
Oz,38,/home/calebe/Downloads/geração_de_prompt_label/Resultados_opt_niveis/Resultados extr_g12a-tohdmitx.c_g12a_tohdmitx_input_remove.ll/Oz.o
