otimizacao,dec_bytes,arquivo_o
O1,78,/home/calebe/Downloads/geração_de_prompt_label/Resultados_opt_niveis/Resultados extr_ampdu.c_brcms_c_ampdu_flush.ll/O1.o
O2,78,/home/calebe/Downloads/geração_de_prompt_label/Resultados_opt_niveis/Resultados extr_ampdu.c_brcms_c_ampdu_flush.ll/O2.o
O3,78,/home/calebe/Downloads/geração_de_prompt_label/Resultados_opt_niveis/Resultados extr_ampdu.c_brcms_c_ampdu_flush.ll/O3.o
Os,78,/home/calebe/Downloads/geração_de_prompt_label/Resultados_opt_niveis/Resultados extr_ampdu.c_brcms_c_ampdu_flush.ll/Os.o
Oz,78,/home/calebe/Downloads/geração_de_prompt_label/Resultados_opt_niveis/Resultados extr_ampdu.c_brcms_c_ampdu_flush.ll/Oz.o
