otimizacao,dec_bytes,arquivo_o
O1,114,/home/calebe/Downloads/geração_de_prompt_label/Resultados_opt_niveis/Resultados extr_smiapp-quirk.c_jt8ev1_limits.ll/O1.o
O2,114,/home/calebe/Downloads/geração_de_prompt_label/Resultados_opt_niveis/Resultados extr_smiapp-quirk.c_jt8ev1_limits.ll/O2.o
O3,114,/home/calebe/Downloads/geração_de_prompt_label/Resultados_opt_niveis/Resultados extr_smiapp-quirk.c_jt8ev1_limits.ll/O3.o
Os,114,/home/calebe/Downloads/geração_de_prompt_label/Resultados_opt_niveis/Resultados extr_smiapp-quirk.c_jt8ev1_limits.ll/Os.o
Oz,114,/home/calebe/Downloads/geração_de_prompt_label/Resultados_opt_niveis/Resultados extr_smiapp-quirk.c_jt8ev1_limits.ll/Oz.o
