otimizacao,dec_bytes,arquivo_o
O1,222,/home/calebe/Downloads/geração_de_prompt_label/Resultados_opt_niveis/Resultados extr_epub-doc.c_epub_recognize.ll/O1.o
O2,222,/home/calebe/Downloads/geração_de_prompt_label/Resultados_opt_niveis/Resultados extr_epub-doc.c_epub_recognize.ll/O2.o
O3,222,/home/calebe/Downloads/geração_de_prompt_label/Resultados_opt_niveis/Resultados extr_epub-doc.c_epub_recognize.ll/O3.o
Os,222,/home/calebe/Downloads/geração_de_prompt_label/Resultados_opt_niveis/Resultados extr_epub-doc.c_epub_recognize.ll/Os.o
Oz,222,/home/calebe/Downloads/geração_de_prompt_label/Resultados_opt_niveis/Resultados extr_epub-doc.c_epub_recognize.ll/Oz.o
