otimizacao,dec_bytes,arquivo_o
O1,352,/home/calebe/Downloads/geração_de_prompt_label/Resultados_opt_niveis/Resultados extr_if_wpi.c_wpi_nic_lock.ll/O1.o
O2,352,/home/calebe/Downloads/geração_de_prompt_label/Resultados_opt_niveis/Resultados extr_if_wpi.c_wpi_nic_lock.ll/O2.o
O3,352,/home/calebe/Downloads/geração_de_prompt_label/Resultados_opt_niveis/Resultados extr_if_wpi.c_wpi_nic_lock.ll/O3.o
Os,352,/home/calebe/Downloads/geração_de_prompt_label/Resultados_opt_niveis/Resultados extr_if_wpi.c_wpi_nic_lock.ll/Os.o
Oz,352,/home/calebe/Downloads/geração_de_prompt_label/Resultados_opt_niveis/Resultados extr_if_wpi.c_wpi_nic_lock.ll/Oz.o
