otimizacao,dec_bytes,arquivo_o
O1,84,/home/calebe/Downloads/geração_de_prompt_label/Resultados_opt_niveis/Resultados extr_id.c_svn_fs_fs__id_txn_reset.ll/O1.o
O2,84,/home/calebe/Downloads/geração_de_prompt_label/Resultados_opt_niveis/Resultados extr_id.c_svn_fs_fs__id_txn_reset.ll/O2.o
O3,84,/home/calebe/Downloads/geração_de_prompt_label/Resultados_opt_niveis/Resultados extr_id.c_svn_fs_fs__id_txn_reset.ll/O3.o
Os,84,/home/calebe/Downloads/geração_de_prompt_label/Resultados_opt_niveis/Resultados extr_id.c_svn_fs_fs__id_txn_reset.ll/Os.o
Oz,84,/home/calebe/Downloads/geração_de_prompt_label/Resultados_opt_niveis/Resultados extr_id.c_svn_fs_fs__id_txn_reset.ll/Oz.o
