otimizacao,dec_bytes,arquivo_o
O1,464,/home/calebe/Downloads/geração_de_prompt_label/Resultados_opt_niveis/Resultados extr_types.c_svn_depth_from_word.ll/O1.o
O2,464,/home/calebe/Downloads/geração_de_prompt_label/Resultados_opt_niveis/Resultados extr_types.c_svn_depth_from_word.ll/O2.o
O3,464,/home/calebe/Downloads/geração_de_prompt_label/Resultados_opt_niveis/Resultados extr_types.c_svn_depth_from_word.ll/O3.o
Os,464,/home/calebe/Downloads/geração_de_prompt_label/Resultados_opt_niveis/Resultados extr_types.c_svn_depth_from_word.ll/Os.o
Oz,464,/home/calebe/Downloads/geração_de_prompt_label/Resultados_opt_niveis/Resultados extr_types.c_svn_depth_from_word.ll/Oz.o
