otimizacao,dec_bytes,arquivo_o
O1,166,/home/calebe/Downloads/geração_de_prompt_label/Resultados_opt_niveis/Resultados extr_ps3_gelic_net.c_gelic_card_disable_txdmac.ll/O1.o
O2,166,/home/calebe/Downloads/geração_de_prompt_label/Resultados_opt_niveis/Resultados extr_ps3_gelic_net.c_gelic_card_disable_txdmac.ll/O2.o
O3,166,/home/calebe/Downloads/geração_de_prompt_label/Resultados_opt_niveis/Resultados extr_ps3_gelic_net.c_gelic_card_disable_txdmac.ll/O3.o
Os,166,/home/calebe/Downloads/geração_de_prompt_label/Resultados_opt_niveis/Resultados extr_ps3_gelic_net.c_gelic_card_disable_txdmac.ll/Os.o
Oz,166,/home/calebe/Downloads/geração_de_prompt_label/Resultados_opt_niveis/Resultados extr_ps3_gelic_net.c_gelic_card_disable_txdmac.ll/Oz.o
