otimizacao,dec_bytes,arquivo_o
O1,24,/home/calebe/Downloads/geração_de_prompt_label/Resultados_opt_niveis/Resultados extr_client.c_nfs_sockaddr_match_ipaddr6.ll/O1.o
O2,24,/home/calebe/Downloads/geração_de_prompt_label/Resultados_opt_niveis/Resultados extr_client.c_nfs_sockaddr_match_ipaddr6.ll/O2.o
O3,24,/home/calebe/Downloads/geração_de_prompt_label/Resultados_opt_niveis/Resultados extr_client.c_nfs_sockaddr_match_ipaddr6.ll/O3.o
Os,24,/home/calebe/Downloads/geração_de_prompt_label/Resultados_opt_niveis/Resultados extr_client.c_nfs_sockaddr_match_ipaddr6.ll/Os.o
Oz,24,/home/calebe/Downloads/geração_de_prompt_label/Resultados_opt_niveis/Resultados extr_client.c_nfs_sockaddr_match_ipaddr6.ll/Oz.o
