otimizacao,dec_bytes,arquivo_o
O1,316,/home/calebe/Downloads/geração_de_prompt_label/Resultados_opt_niveis/Resultados extr_nldev.c_fill_res_name_pid.ll/O1.o
O2,316,/home/calebe/Downloads/geração_de_prompt_label/Resultados_opt_niveis/Resultados extr_nldev.c_fill_res_name_pid.ll/O2.o
O3,316,/home/calebe/Downloads/geração_de_prompt_label/Resultados_opt_niveis/Resultados extr_nldev.c_fill_res_name_pid.ll/O3.o
Os,316,/home/calebe/Downloads/geração_de_prompt_label/Resultados_opt_niveis/Resultados extr_nldev.c_fill_res_name_pid.ll/Os.o
Oz,316,/home/calebe/Downloads/geração_de_prompt_label/Resultados_opt_niveis/Resultados extr_nldev.c_fill_res_name_pid.ll/Oz.o
