otimizacao,dec_bytes,arquivo_o
O1,38,/home/calebe/Downloads/geração_de_prompt_label/Resultados_opt_niveis/Resultados extr_pt_packet_decoder.c_pt_pkt_free_decoder.ll/O1.o
O2,38,/home/calebe/Downloads/geração_de_prompt_label/Resultados_opt_niveis/Resultados extr_pt_packet_decoder.c_pt_pkt_free_decoder.ll/O2.o
O3,38,/home/calebe/Downloads/geração_de_prompt_label/Resultados_opt_niveis/Resultados extr_pt_packet_decoder.c_pt_pkt_free_decoder.ll/O3.o
Os,38,/home/calebe/Downloads/geração_de_prompt_label/Resultados_opt_niveis/Resultados extr_pt_packet_decoder.c_pt_pkt_free_decoder.ll/Os.o
Oz,38,/home/calebe/Downloads/geração_de_prompt_label/Resultados_opt_niveis/Resultados extr_pt_packet_decoder.c_pt_pkt_free_decoder.ll/Oz.o
