otimizacao,dec_bytes,arquivo_o
O1,54,/home/calebe/Downloads/geração_de_prompt_label/Resultados_opt_niveis/Resultados extr_ravb_main.c_ravb_set_mdio_data.ll/O1.o
O2,54,/home/calebe/Downloads/geração_de_prompt_label/Resultados_opt_niveis/Resultados extr_ravb_main.c_ravb_set_mdio_data.ll/O2.o
O3,54,/home/calebe/Downloads/geração_de_prompt_label/Resultados_opt_niveis/Resultados extr_ravb_main.c_ravb_set_mdio_data.ll/O3.o
Os,54,/home/calebe/Downloads/geração_de_prompt_label/Resultados_opt_niveis/Resultados extr_ravb_main.c_ravb_set_mdio_data.ll/Os.o
Oz,54,/home/calebe/Downloads/geração_de_prompt_label/Resultados_opt_niveis/Resultados extr_ravb_main.c_ravb_set_mdio_data.ll/Oz.o
