otimizacao,dec_bytes,arquivo_o
O1,130,/home/calebe/Downloads/geração_de_prompt_label/Resultados_opt_niveis/Resultados extr_bsops.c_bs_set_clip.ll/O1.o
O2,130,/home/calebe/Downloads/geração_de_prompt_label/Resultados_opt_niveis/Resultados extr_bsops.c_bs_set_clip.ll/O2.o
O3,130,/home/calebe/Downloads/geração_de_prompt_label/Resultados_opt_niveis/Resultados extr_bsops.c_bs_set_clip.ll/O3.o
Os,130,/home/calebe/Downloads/geração_de_prompt_label/Resultados_opt_niveis/Resultados extr_bsops.c_bs_set_clip.ll/Os.o
Oz,130,/home/calebe/Downloads/geração_de_prompt_label/Resultados_opt_niveis/Resultados extr_bsops.c_bs_set_clip.ll/Oz.o
