otimizacao,dec_bytes,arquivo_o
O1,302,/home/calebe/Downloads/geração_de_prompt_label/Resultados_opt_niveis/Resultados extr_wps_registrar.c_wps_build_cred_ssid.ll/O1.o
O2,302,/home/calebe/Downloads/geração_de_prompt_label/Resultados_opt_niveis/Resultados extr_wps_registrar.c_wps_build_cred_ssid.ll/O2.o
O3,302,/home/calebe/Downloads/geração_de_prompt_label/Resultados_opt_niveis/Resultados extr_wps_registrar.c_wps_build_cred_ssid.ll/O3.o
Os,302,/home/calebe/Downloads/geração_de_prompt_label/Resultados_opt_niveis/Resultados extr_wps_registrar.c_wps_build_cred_ssid.ll/Os.o
Oz,302,/home/calebe/Downloads/geração_de_prompt_label/Resultados_opt_niveis/Resultados extr_wps_registrar.c_wps_build_cred_ssid.ll/Oz.o
