otimizacao,dec_bytes,arquivo_o
O1,8,/home/calebe/Downloads/geração_de_prompt_label/Resultados_opt_niveis/Resultados extr_zstd_v04.c_ZBUFFv04_getErrorName.ll/O1.o
O2,8,/home/calebe/Downloads/geração_de_prompt_label/Resultados_opt_niveis/Resultados extr_zstd_v04.c_ZBUFFv04_getErrorName.ll/O2.o
O3,8,/home/calebe/Downloads/geração_de_prompt_label/Resultados_opt_niveis/Resultados extr_zstd_v04.c_ZBUFFv04_getErrorName.ll/O3.o
Os,8,/home/calebe/Downloads/geração_de_prompt_label/Resultados_opt_niveis/Resultados extr_zstd_v04.c_ZBUFFv04_getErrorName.ll/Os.o
Oz,8,/home/calebe/Downloads/geração_de_prompt_label/Resultados_opt_niveis/Resultados extr_zstd_v04.c_ZBUFFv04_getErrorName.ll/Oz.o
