otimizacao,dec_bytes,arquivo_o
O1,62,/home/calebe/Downloads/geração_de_prompt_label/Resultados_opt_niveis/Resultados extr_infrosget.c_InfGetBinaryField.ll/O1.o
O2,62,/home/calebe/Downloads/geração_de_prompt_label/Resultados_opt_niveis/Resultados extr_infrosget.c_InfGetBinaryField.ll/O2.o
O3,62,/home/calebe/Downloads/geração_de_prompt_label/Resultados_opt_niveis/Resultados extr_infrosget.c_InfGetBinaryField.ll/O3.o
Os,62,/home/calebe/Downloads/geração_de_prompt_label/Resultados_opt_niveis/Resultados extr_infrosget.c_InfGetBinaryField.ll/Os.o
Oz,62,/home/calebe/Downloads/geração_de_prompt_label/Resultados_opt_niveis/Resultados extr_infrosget.c_InfGetBinaryField.ll/Oz.o
