otimizacao,dec_bytes,arquivo_o
O1,172,/home/calebe/Downloads/geração_de_prompt_label/Resultados_opt_niveis/Resultados extr_mac_sysv_sem.c_mac_sysvsem_check_semctl.ll/O1.o
O2,172,/home/calebe/Downloads/geração_de_prompt_label/Resultados_opt_niveis/Resultados extr_mac_sysv_sem.c_mac_sysvsem_check_semctl.ll/O2.o
O3,172,/home/calebe/Downloads/geração_de_prompt_label/Resultados_opt_niveis/Resultados extr_mac_sysv_sem.c_mac_sysvsem_check_semctl.ll/O3.o
Os,172,/home/calebe/Downloads/geração_de_prompt_label/Resultados_opt_niveis/Resultados extr_mac_sysv_sem.c_mac_sysvsem_check_semctl.ll/Os.o
Oz,172,/home/calebe/Downloads/geração_de_prompt_label/Resultados_opt_niveis/Resultados extr_mac_sysv_sem.c_mac_sysvsem_check_semctl.ll/Oz.o
