otimizacao,dec_bytes,arquivo_o
O1,8,/home/calebe/Downloads/geração_de_prompt_label/Resultados_opt_niveis/Resultados extr_dnodeMgmt.spec.c_vnodeSaveCreateMsgIntoQueue.ll/O1.o
O2,8,/home/calebe/Downloads/geração_de_prompt_label/Resultados_opt_niveis/Resultados extr_dnodeMgmt.spec.c_vnodeSaveCreateMsgIntoQueue.ll/O2.o
O3,8,/home/calebe/Downloads/geração_de_prompt_label/Resultados_opt_niveis/Resultados extr_dnodeMgmt.spec.c_vnodeSaveCreateMsgIntoQueue.ll/O3.o
Os,8,/home/calebe/Downloads/geração_de_prompt_label/Resultados_opt_niveis/Resultados extr_dnodeMgmt.spec.c_vnodeSaveCreateMsgIntoQueue.ll/Os.o
Oz,8,/home/calebe/Downloads/geração_de_prompt_label/Resultados_opt_niveis/Resultados extr_dnodeMgmt.spec.c_vnodeSaveCreateMsgIntoQueue.ll/Oz.o
