otimizacao,dec_bytes,arquivo_o
O1,86,/home/calebe/Downloads/geração_de_prompt_label/Resultados_opt_niveis/Resultados extr_vdec_helpers.c_amvdec_read_parser.ll/O1.o
O2,86,/home/calebe/Downloads/geração_de_prompt_label/Resultados_opt_niveis/Resultados extr_vdec_helpers.c_amvdec_read_parser.ll/O2.o
O3,86,/home/calebe/Downloads/geração_de_prompt_label/Resultados_opt_niveis/Resultados extr_vdec_helpers.c_amvdec_read_parser.ll/O3.o
Os,86,/home/calebe/Downloads/geração_de_prompt_label/Resultados_opt_niveis/Resultados extr_vdec_helpers.c_amvdec_read_parser.ll/Os.o
Oz,86,/home/calebe/Downloads/geração_de_prompt_label/Resultados_opt_niveis/Resultados extr_vdec_helpers.c_amvdec_read_parser.ll/Oz.o
