otimizacao,dec_bytes,arquivo_o
O1,142,/home/calebe/Downloads/geração_de_prompt_label/Resultados_opt_niveis/Resultados extr_pt.c_set_current_access_from_decl.ll/O1.o
O2,142,/home/calebe/Downloads/geração_de_prompt_label/Resultados_opt_niveis/Resultados extr_pt.c_set_current_access_from_decl.ll/O2.o
O3,142,/home/calebe/Downloads/geração_de_prompt_label/Resultados_opt_niveis/Resultados extr_pt.c_set_current_access_from_decl.ll/O3.o
Os,142,/home/calebe/Downloads/geração_de_prompt_label/Resultados_opt_niveis/Resultados extr_pt.c_set_current_access_from_decl.ll/Os.o
Oz,142,/home/calebe/Downloads/geração_de_prompt_label/Resultados_opt_niveis/Resultados extr_pt.c_set_current_access_from_decl.ll/Oz.o
