otimizacao,dec_bytes,arquivo_o
O1,118,/home/calebe/Downloads/geração_de_prompt_label/Resultados_opt_niveis/Resultados extr_mmu.c_kvm_mips_gpa_pte_to_gva_mapped.ll/O1.o
O2,118,/home/calebe/Downloads/geração_de_prompt_label/Resultados_opt_niveis/Resultados extr_mmu.c_kvm_mips_gpa_pte_to_gva_mapped.ll/O2.o
O3,118,/home/calebe/Downloads/geração_de_prompt_label/Resultados_opt_niveis/Resultados extr_mmu.c_kvm_mips_gpa_pte_to_gva_mapped.ll/O3.o
Os,118,/home/calebe/Downloads/geração_de_prompt_label/Resultados_opt_niveis/Resultados extr_mmu.c_kvm_mips_gpa_pte_to_gva_mapped.ll/Os.o
Oz,118,/home/calebe/Downloads/geração_de_prompt_label/Resultados_opt_niveis/Resultados extr_mmu.c_kvm_mips_gpa_pte_to_gva_mapped.ll/Oz.o
