otimizacao,dec_bytes,arquivo_o
O1,230,/home/calebe/Downloads/geração_de_prompt_label/Resultados_opt_niveis/Resultados extr_imx7-media-csi.c_imx7_csi_hw_disable_irq.ll/O1.o
O2,230,/home/calebe/Downloads/geração_de_prompt_label/Resultados_opt_niveis/Resultados extr_imx7-media-csi.c_imx7_csi_hw_disable_irq.ll/O2.o
O3,230,/home/calebe/Downloads/geração_de_prompt_label/Resultados_opt_niveis/Resultados extr_imx7-media-csi.c_imx7_csi_hw_disable_irq.ll/O3.o
Os,230,/home/calebe/Downloads/geração_de_prompt_label/Resultados_opt_niveis/Resultados extr_imx7-media-csi.c_imx7_csi_hw_disable_irq.ll/Os.o
Oz,230,/home/calebe/Downloads/geração_de_prompt_label/Resultados_opt_niveis/Resultados extr_imx7-media-csi.c_imx7_csi_hw_disable_irq.ll/Oz.o
