otimizacao,dec_bytes,arquivo_o
O1,722,/home/calebe/Downloads/geração_de_prompt_label/Resultados_opt_niveis/Resultados extr_dcn20_clk_mgr.c_dentist_get_did_from_divider.ll/O1.o
O2,722,/home/calebe/Downloads/geração_de_prompt_label/Resultados_opt_niveis/Resultados extr_dcn20_clk_mgr.c_dentist_get_did_from_divider.ll/O2.o
O3,722,/home/calebe/Downloads/geração_de_prompt_label/Resultados_opt_niveis/Resultados extr_dcn20_clk_mgr.c_dentist_get_did_from_divider.ll/O3.o
Os,722,/home/calebe/Downloads/geração_de_prompt_label/Resultados_opt_niveis/Resultados extr_dcn20_clk_mgr.c_dentist_get_did_from_divider.ll/Os.o
Oz,722,/home/calebe/Downloads/geração_de_prompt_label/Resultados_opt_niveis/Resultados extr_dcn20_clk_mgr.c_dentist_get_did_from_divider.ll/Oz.o
