otimizacao,dec_bytes,arquivo_o
O1,94,/home/calebe/Downloads/geração_de_prompt_label/Resultados_opt_niveis/Resultados extr_f71805f.c_fan_from_reg.ll/O1.o
O2,94,/home/calebe/Downloads/geração_de_prompt_label/Resultados_opt_niveis/Resultados extr_f71805f.c_fan_from_reg.ll/O2.o
O3,94,/home/calebe/Downloads/geração_de_prompt_label/Resultados_opt_niveis/Resultados extr_f71805f.c_fan_from_reg.ll/O3.o
Os,94,/home/calebe/Downloads/geração_de_prompt_label/Resultados_opt_niveis/Resultados extr_f71805f.c_fan_from_reg.ll/Os.o
Oz,94,/home/calebe/Downloads/geração_de_prompt_label/Resultados_opt_niveis/Resultados extr_f71805f.c_fan_from_reg.ll/Oz.o
