otimizacao,dec_bytes,arquivo_o
O1,70,/home/calebe/Downloads/geração_de_prompt_label/Resultados_opt_niveis/Resultados extr_skynet_mq.c_skynet_mq_overload.ll/O1.o
O2,64,/home/calebe/Downloads/geração_de_prompt_label/Resultados_opt_niveis/Resultados extr_skynet_mq.c_skynet_mq_overload.ll/O2.o
O3,64,/home/calebe/Downloads/geração_de_prompt_label/Resultados_opt_niveis/Resultados extr_skynet_mq.c_skynet_mq_overload.ll/O3.o
Os,64,/home/calebe/Downloads/geração_de_prompt_label/Resultados_opt_niveis/Resultados extr_skynet_mq.c_skynet_mq_overload.ll/Os.o
Oz,64,/home/calebe/Downloads/geração_de_prompt_label/Resultados_opt_niveis/Resultados extr_skynet_mq.c_skynet_mq_overload.ll/Oz.o
