otimizacao,dec_bytes,arquivo_o
O1,114,/home/calebe/Downloads/geração_de_prompt_label/Resultados_opt_niveis/Resultados extr_if_iwm_pcie_trans.c_iwm_set_pwr.ll/O1.o
O2,114,/home/calebe/Downloads/geração_de_prompt_label/Resultados_opt_niveis/Resultados extr_if_iwm_pcie_trans.c_iwm_set_pwr.ll/O2.o
O3,114,/home/calebe/Downloads/geração_de_prompt_label/Resultados_opt_niveis/Resultados extr_if_iwm_pcie_trans.c_iwm_set_pwr.ll/O3.o
Os,114,/home/calebe/Downloads/geração_de_prompt_label/Resultados_opt_niveis/Resultados extr_if_iwm_pcie_trans.c_iwm_set_pwr.ll/Os.o
Oz,114,/home/calebe/Downloads/geração_de_prompt_label/Resultados_opt_niveis/Resultados extr_if_iwm_pcie_trans.c_iwm_set_pwr.ll/Oz.o
