otimizacao,dec_bytes,arquivo_o
O1,178,/home/calebe/Downloads/geração_de_prompt_label/Resultados_opt_niveis/Resultados extr_ks8842.c_ks8842_clear_bits.ll/O1.o
O2,178,/home/calebe/Downloads/geração_de_prompt_label/Resultados_opt_niveis/Resultados extr_ks8842.c_ks8842_clear_bits.ll/O2.o
O3,178,/home/calebe/Downloads/geração_de_prompt_label/Resultados_opt_niveis/Resultados extr_ks8842.c_ks8842_clear_bits.ll/O3.o
Os,178,/home/calebe/Downloads/geração_de_prompt_label/Resultados_opt_niveis/Resultados extr_ks8842.c_ks8842_clear_bits.ll/Os.o
Oz,178,/home/calebe/Downloads/geração_de_prompt_label/Resultados_opt_niveis/Resultados extr_ks8842.c_ks8842_clear_bits.ll/Oz.o
