otimizacao,dec_bytes,arquivo_o
O1,160,/home/calebe/Downloads/geração_de_prompt_label/Resultados_opt_niveis/Resultados extr_mdio_10g.c_ef4_mdio_transmit_disable.ll/O1.o
O2,160,/home/calebe/Downloads/geração_de_prompt_label/Resultados_opt_niveis/Resultados extr_mdio_10g.c_ef4_mdio_transmit_disable.ll/O2.o
O3,160,/home/calebe/Downloads/geração_de_prompt_label/Resultados_opt_niveis/Resultados extr_mdio_10g.c_ef4_mdio_transmit_disable.ll/O3.o
Os,160,/home/calebe/Downloads/geração_de_prompt_label/Resultados_opt_niveis/Resultados extr_mdio_10g.c_ef4_mdio_transmit_disable.ll/Os.o
Oz,160,/home/calebe/Downloads/geração_de_prompt_label/Resultados_opt_niveis/Resultados extr_mdio_10g.c_ef4_mdio_transmit_disable.ll/Oz.o
