otimizacao,dec_bytes,arquivo_o
O1,174,/home/calebe/Downloads/geração_de_prompt_label/Resultados_opt_niveis/Resultados extr_pcie-octeon.c_cvmx_pcie_config_write32.ll/O1.o
O2,174,/home/calebe/Downloads/geração_de_prompt_label/Resultados_opt_niveis/Resultados extr_pcie-octeon.c_cvmx_pcie_config_write32.ll/O2.o
O3,174,/home/calebe/Downloads/geração_de_prompt_label/Resultados_opt_niveis/Resultados extr_pcie-octeon.c_cvmx_pcie_config_write32.ll/O3.o
Os,174,/home/calebe/Downloads/geração_de_prompt_label/Resultados_opt_niveis/Resultados extr_pcie-octeon.c_cvmx_pcie_config_write32.ll/Os.o
Oz,174,/home/calebe/Downloads/geração_de_prompt_label/Resultados_opt_niveis/Resultados extr_pcie-octeon.c_cvmx_pcie_config_write32.ll/Oz.o
