otimizacao,dec_bytes,arquivo_o
O1,146,/home/calebe/Downloads/geração_de_prompt_label/Resultados_opt_niveis/Resultados extr_bhnd_ehci.c_bhnd_ehci_post_reset.ll/O1.o
O2,146,/home/calebe/Downloads/geração_de_prompt_label/Resultados_opt_niveis/Resultados extr_bhnd_ehci.c_bhnd_ehci_post_reset.ll/O2.o
O3,146,/home/calebe/Downloads/geração_de_prompt_label/Resultados_opt_niveis/Resultados extr_bhnd_ehci.c_bhnd_ehci_post_reset.ll/O3.o
Os,146,/home/calebe/Downloads/geração_de_prompt_label/Resultados_opt_niveis/Resultados extr_bhnd_ehci.c_bhnd_ehci_post_reset.ll/Os.o
Oz,146,/home/calebe/Downloads/geração_de_prompt_label/Resultados_opt_niveis/Resultados extr_bhnd_ehci.c_bhnd_ehci_post_reset.ll/Oz.o
