otimizacao,dec_bytes,arquivo_o
O1,136,/home/calebe/Downloads/geração_de_prompt_label/Resultados_opt_niveis/Resultados extr_driver_chipcommon_pmu.c_bcma_chipco_regctl_maskset.ll/O1.o
O2,136,/home/calebe/Downloads/geração_de_prompt_label/Resultados_opt_niveis/Resultados extr_driver_chipcommon_pmu.c_bcma_chipco_regctl_maskset.ll/O2.o
O3,136,/home/calebe/Downloads/geração_de_prompt_label/Resultados_opt_niveis/Resultados extr_driver_chipcommon_pmu.c_bcma_chipco_regctl_maskset.ll/O3.o
Os,136,/home/calebe/Downloads/geração_de_prompt_label/Resultados_opt_niveis/Resultados extr_driver_chipcommon_pmu.c_bcma_chipco_regctl_maskset.ll/Os.o
Oz,136,/home/calebe/Downloads/geração_de_prompt_label/Resultados_opt_niveis/Resultados extr_driver_chipcommon_pmu.c_bcma_chipco_regctl_maskset.ll/Oz.o
