otimizacao,dec_bytes,arquivo_o
O1,100,/home/calebe/Downloads/geração_de_prompt_label/Resultados_opt_niveis/Resultados extr_ntb_transport.c_ntb_list_add.ll/O1.o
O2,100,/home/calebe/Downloads/geração_de_prompt_label/Resultados_opt_niveis/Resultados extr_ntb_transport.c_ntb_list_add.ll/O2.o
O3,100,/home/calebe/Downloads/geração_de_prompt_label/Resultados_opt_niveis/Resultados extr_ntb_transport.c_ntb_list_add.ll/O3.o
Os,100,/home/calebe/Downloads/geração_de_prompt_label/Resultados_opt_niveis/Resultados extr_ntb_transport.c_ntb_list_add.ll/Os.o
Oz,100,/home/calebe/Downloads/geração_de_prompt_label/Resultados_opt_niveis/Resultados extr_ntb_transport.c_ntb_list_add.ll/Oz.o
