otimizacao,dec_bytes,arquivo_o
O1,126,/home/calebe/Downloads/geração_de_prompt_label/Resultados_opt_niveis/Resultados extr_llc_station.c_llc_station_rcv.ll/O1.o
O2,126,/home/calebe/Downloads/geração_de_prompt_label/Resultados_opt_niveis/Resultados extr_llc_station.c_llc_station_rcv.ll/O2.o
O3,126,/home/calebe/Downloads/geração_de_prompt_label/Resultados_opt_niveis/Resultados extr_llc_station.c_llc_station_rcv.ll/O3.o
Os,126,/home/calebe/Downloads/geração_de_prompt_label/Resultados_opt_niveis/Resultados extr_llc_station.c_llc_station_rcv.ll/Os.o
Oz,126,/home/calebe/Downloads/geração_de_prompt_label/Resultados_opt_niveis/Resultados extr_llc_station.c_llc_station_rcv.ll/Oz.o
