otimizacao,dec_bytes,arquivo_o
O1,96,/home/calebe/Downloads/geração_de_prompt_label/Resultados_opt_niveis/Resultados extr_pata_amd.c_nv100_set_piomode.ll/O1.o
O2,96,/home/calebe/Downloads/geração_de_prompt_label/Resultados_opt_niveis/Resultados extr_pata_amd.c_nv100_set_piomode.ll/O2.o
O3,96,/home/calebe/Downloads/geração_de_prompt_label/Resultados_opt_niveis/Resultados extr_pata_amd.c_nv100_set_piomode.ll/O3.o
Os,96,/home/calebe/Downloads/geração_de_prompt_label/Resultados_opt_niveis/Resultados extr_pata_amd.c_nv100_set_piomode.ll/Os.o
Oz,96,/home/calebe/Downloads/geração_de_prompt_label/Resultados_opt_niveis/Resultados extr_pata_amd.c_nv100_set_piomode.ll/Oz.o
