otimizacao,dec_bytes,arquivo_o
O1,138,/home/calebe/Downloads/geração_de_prompt_label/Resultados_opt_niveis/Resultados extr_..schedsched.h_task_on_rq_queued.ll/O1.o
O2,138,/home/calebe/Downloads/geração_de_prompt_label/Resultados_opt_niveis/Resultados extr_..schedsched.h_task_on_rq_queued.ll/O2.o
O3,138,/home/calebe/Downloads/geração_de_prompt_label/Resultados_opt_niveis/Resultados extr_..schedsched.h_task_on_rq_queued.ll/O3.o
Os,138,/home/calebe/Downloads/geração_de_prompt_label/Resultados_opt_niveis/Resultados extr_..schedsched.h_task_on_rq_queued.ll/Os.o
Oz,138,/home/calebe/Downloads/geração_de_prompt_label/Resultados_opt_niveis/Resultados extr_..schedsched.h_task_on_rq_queued.ll/Oz.o
