otimizacao,dec_bytes,arquivo_o
O1,142,/home/calebe/Downloads/geração_de_prompt_label/Resultados_opt_niveis/Resultados extr_path.c_get_html_path.ll/O1.o
O2,142,/home/calebe/Downloads/geração_de_prompt_label/Resultados_opt_niveis/Resultados extr_path.c_get_html_path.ll/O2.o
O3,142,/home/calebe/Downloads/geração_de_prompt_label/Resultados_opt_niveis/Resultados extr_path.c_get_html_path.ll/O3.o
Os,142,/home/calebe/Downloads/geração_de_prompt_label/Resultados_opt_niveis/Resultados extr_path.c_get_html_path.ll/Os.o
Oz,142,/home/calebe/Downloads/geração_de_prompt_label/Resultados_opt_niveis/Resultados extr_path.c_get_html_path.ll/Oz.o
