otimizacao,dec_bytes,arquivo_o
O1,138,/home/calebe/Downloads/geração_de_prompt_label/Resultados_opt_niveis/Resultados extr_if_iwm_led.c_iwm_mvm_led_is_enabled.ll/O1.o
O2,138,/home/calebe/Downloads/geração_de_prompt_label/Resultados_opt_niveis/Resultados extr_if_iwm_led.c_iwm_mvm_led_is_enabled.ll/O2.o
O3,138,/home/calebe/Downloads/geração_de_prompt_label/Resultados_opt_niveis/Resultados extr_if_iwm_led.c_iwm_mvm_led_is_enabled.ll/O3.o
Os,138,/home/calebe/Downloads/geração_de_prompt_label/Resultados_opt_niveis/Resultados extr_if_iwm_led.c_iwm_mvm_led_is_enabled.ll/Os.o
Oz,138,/home/calebe/Downloads/geração_de_prompt_label/Resultados_opt_niveis/Resultados extr_if_iwm_led.c_iwm_mvm_led_is_enabled.ll/Oz.o
