otimizacao,dec_bytes,arquivo_o
O1,227,/home/calebe/Downloads/geração_de_prompt_label/Resultados_opt_niveis/Resultados extr_osk5912.c_osk_tlv320aic23_init.ll/O1.o
O2,227,/home/calebe/Downloads/geração_de_prompt_label/Resultados_opt_niveis/Resultados extr_osk5912.c_osk_tlv320aic23_init.ll/O2.o
O3,227,/home/calebe/Downloads/geração_de_prompt_label/Resultados_opt_niveis/Resultados extr_osk5912.c_osk_tlv320aic23_init.ll/O3.o
Os,227,/home/calebe/Downloads/geração_de_prompt_label/Resultados_opt_niveis/Resultados extr_osk5912.c_osk_tlv320aic23_init.ll/Os.o
Oz,227,/home/calebe/Downloads/geração_de_prompt_label/Resultados_opt_niveis/Resultados extr_osk5912.c_osk_tlv320aic23_init.ll/Oz.o
