otimizacao,dec_bytes,arquivo_o
O1,156,/home/calebe/Downloads/geração_de_prompt_label/Resultados_opt_niveis/Resultados extr_thunderx2_pmu.c_alloc_counter.ll/O1.o
O2,156,/home/calebe/Downloads/geração_de_prompt_label/Resultados_opt_niveis/Resultados extr_thunderx2_pmu.c_alloc_counter.ll/O2.o
O3,156,/home/calebe/Downloads/geração_de_prompt_label/Resultados_opt_niveis/Resultados extr_thunderx2_pmu.c_alloc_counter.ll/O3.o
Os,156,/home/calebe/Downloads/geração_de_prompt_label/Resultados_opt_niveis/Resultados extr_thunderx2_pmu.c_alloc_counter.ll/Os.o
Oz,156,/home/calebe/Downloads/geração_de_prompt_label/Resultados_opt_niveis/Resultados extr_thunderx2_pmu.c_alloc_counter.ll/Oz.o
