otimizacao,dec_bytes,arquivo_o
O1,28,/home/calebe/Downloads/geração_de_prompt_label/Resultados_opt_niveis/Resultados extr_x509_vfy.c_X509_STORE_CTX_get_check_revocation.ll/O1.o
O2,28,/home/calebe/Downloads/geração_de_prompt_label/Resultados_opt_niveis/Resultados extr_x509_vfy.c_X509_STORE_CTX_get_check_revocation.ll/O2.o
O3,28,/home/calebe/Downloads/geração_de_prompt_label/Resultados_opt_niveis/Resultados extr_x509_vfy.c_X509_STORE_CTX_get_check_revocation.ll/O3.o
Os,28,/home/calebe/Downloads/geração_de_prompt_label/Resultados_opt_niveis/Resultados extr_x509_vfy.c_X509_STORE_CTX_get_check_revocation.ll/Os.o
Oz,28,/home/calebe/Downloads/geração_de_prompt_label/Resultados_opt_niveis/Resultados extr_x509_vfy.c_X509_STORE_CTX_get_check_revocation.ll/Oz.o
