otimizacao,dec_bytes,arquivo_o
O1,136,/home/calebe/Downloads/geração_de_prompt_label/Resultados_opt_niveis/Resultados extr_i386.c_constant_address_p.ll/O1.o
O2,136,/home/calebe/Downloads/geração_de_prompt_label/Resultados_opt_niveis/Resultados extr_i386.c_constant_address_p.ll/O2.o
O3,136,/home/calebe/Downloads/geração_de_prompt_label/Resultados_opt_niveis/Resultados extr_i386.c_constant_address_p.ll/O3.o
Os,136,/home/calebe/Downloads/geração_de_prompt_label/Resultados_opt_niveis/Resultados extr_i386.c_constant_address_p.ll/Os.o
Oz,136,/home/calebe/Downloads/geração_de_prompt_label/Resultados_opt_niveis/Resultados extr_i386.c_constant_address_p.ll/Oz.o
