otimizacao,dec_bytes,arquivo_o
O1,102,/home/calebe/Downloads/geração_de_prompt_label/Resultados_opt_niveis/Resultados extr_tc_tun_geneve.c_mlx5e_tc_tun_can_offload_geneve.ll/O1.o
O2,102,/home/calebe/Downloads/geração_de_prompt_label/Resultados_opt_niveis/Resultados extr_tc_tun_geneve.c_mlx5e_tc_tun_can_offload_geneve.ll/O2.o
O3,102,/home/calebe/Downloads/geração_de_prompt_label/Resultados_opt_niveis/Resultados extr_tc_tun_geneve.c_mlx5e_tc_tun_can_offload_geneve.ll/O3.o
Os,102,/home/calebe/Downloads/geração_de_prompt_label/Resultados_opt_niveis/Resultados extr_tc_tun_geneve.c_mlx5e_tc_tun_can_offload_geneve.ll/Os.o
Oz,102,/home/calebe/Downloads/geração_de_prompt_label/Resultados_opt_niveis/Resultados extr_tc_tun_geneve.c_mlx5e_tc_tun_can_offload_geneve.ll/Oz.o
