otimizacao,dec_bytes,arquivo_o
O1,174,/home/calebe/Downloads/geração_de_prompt_label/Resultados_opt_niveis/Resultados extr_ai_dmnet.c_AIEnter_Battle_Retreat.ll/O1.o
O2,174,/home/calebe/Downloads/geração_de_prompt_label/Resultados_opt_niveis/Resultados extr_ai_dmnet.c_AIEnter_Battle_Retreat.ll/O2.o
O3,174,/home/calebe/Downloads/geração_de_prompt_label/Resultados_opt_niveis/Resultados extr_ai_dmnet.c_AIEnter_Battle_Retreat.ll/O3.o
Os,174,/home/calebe/Downloads/geração_de_prompt_label/Resultados_opt_niveis/Resultados extr_ai_dmnet.c_AIEnter_Battle_Retreat.ll/Os.o
Oz,174,/home/calebe/Downloads/geração_de_prompt_label/Resultados_opt_niveis/Resultados extr_ai_dmnet.c_AIEnter_Battle_Retreat.ll/Oz.o
