otimizacao,dec_bytes,arquivo_o
O1,216,/home/calebe/Downloads/geração_de_prompt_label/Resultados_opt_niveis/Resultados extr_bnx2x_cmn.h_bnx2x_fp_qzone_id.ll/O1.o
O2,216,/home/calebe/Downloads/geração_de_prompt_label/Resultados_opt_niveis/Resultados extr_bnx2x_cmn.h_bnx2x_fp_qzone_id.ll/O2.o
O3,216,/home/calebe/Downloads/geração_de_prompt_label/Resultados_opt_niveis/Resultados extr_bnx2x_cmn.h_bnx2x_fp_qzone_id.ll/O3.o
Os,216,/home/calebe/Downloads/geração_de_prompt_label/Resultados_opt_niveis/Resultados extr_bnx2x_cmn.h_bnx2x_fp_qzone_id.ll/Os.o
Oz,216,/home/calebe/Downloads/geração_de_prompt_label/Resultados_opt_niveis/Resultados extr_bnx2x_cmn.h_bnx2x_fp_qzone_id.ll/Oz.o
