otimizacao,dec_bytes,arquivo_o
O1,157,/home/calebe/Downloads/geração_de_prompt_label/Resultados_opt_niveis/Resultados extr_debug.c__NgDebugSockaddr.ll/O1.o
O2,157,/home/calebe/Downloads/geração_de_prompt_label/Resultados_opt_niveis/Resultados extr_debug.c__NgDebugSockaddr.ll/O2.o
O3,157,/home/calebe/Downloads/geração_de_prompt_label/Resultados_opt_niveis/Resultados extr_debug.c__NgDebugSockaddr.ll/O3.o
Os,157,/home/calebe/Downloads/geração_de_prompt_label/Resultados_opt_niveis/Resultados extr_debug.c__NgDebugSockaddr.ll/Os.o
Oz,157,/home/calebe/Downloads/geração_de_prompt_label/Resultados_opt_niveis/Resultados extr_debug.c__NgDebugSockaddr.ll/Oz.o
