otimizacao,dec_bytes,arquivo_o
O1,202,/home/calebe/Downloads/geração_de_prompt_label/Resultados_opt_niveis/Resultados extr_nvc0.c_nvc0_graph_ctxctl_debug.ll/O1.o
O2,202,/home/calebe/Downloads/geração_de_prompt_label/Resultados_opt_niveis/Resultados extr_nvc0.c_nvc0_graph_ctxctl_debug.ll/O2.o
O3,202,/home/calebe/Downloads/geração_de_prompt_label/Resultados_opt_niveis/Resultados extr_nvc0.c_nvc0_graph_ctxctl_debug.ll/O3.o
Os,202,/home/calebe/Downloads/geração_de_prompt_label/Resultados_opt_niveis/Resultados extr_nvc0.c_nvc0_graph_ctxctl_debug.ll/Os.o
Oz,202,/home/calebe/Downloads/geração_de_prompt_label/Resultados_opt_niveis/Resultados extr_nvc0.c_nvc0_graph_ctxctl_debug.ll/Oz.o
