otimizacao,dec_bytes,arquivo_o
O1,66,/home/calebe/Downloads/geração_de_prompt_label/Resultados_opt_niveis/Resultados extr_msg.h_msg_user.ll/O1.o
O2,66,/home/calebe/Downloads/geração_de_prompt_label/Resultados_opt_niveis/Resultados extr_msg.h_msg_user.ll/O2.o
O3,66,/home/calebe/Downloads/geração_de_prompt_label/Resultados_opt_niveis/Resultados extr_msg.h_msg_user.ll/O3.o
Os,66,/home/calebe/Downloads/geração_de_prompt_label/Resultados_opt_niveis/Resultados extr_msg.h_msg_user.ll/Os.o
Oz,66,/home/calebe/Downloads/geração_de_prompt_label/Resultados_opt_niveis/Resultados extr_msg.h_msg_user.ll/Oz.o
