otimizacao,dec_bytes,arquivo_o
O1,102,/home/calebe/Downloads/geração_de_prompt_label/Resultados_opt_niveis/Resultados extr_onenand_base.c_onenand_block_isbad.ll/O1.o
O2,102,/home/calebe/Downloads/geração_de_prompt_label/Resultados_opt_niveis/Resultados extr_onenand_base.c_onenand_block_isbad.ll/O2.o
O3,102,/home/calebe/Downloads/geração_de_prompt_label/Resultados_opt_niveis/Resultados extr_onenand_base.c_onenand_block_isbad.ll/O3.o
Os,102,/home/calebe/Downloads/geração_de_prompt_label/Resultados_opt_niveis/Resultados extr_onenand_base.c_onenand_block_isbad.ll/Os.o
Oz,102,/home/calebe/Downloads/geração_de_prompt_label/Resultados_opt_niveis/Resultados extr_onenand_base.c_onenand_block_isbad.ll/Oz.o
