otimizacao,dec_bytes,arquivo_o
O1,194,/home/calebe/Downloads/geração_de_prompt_label/Resultados_opt_niveis/Resultados extr_aes_ct.c_sub_word.ll/O1.o
O2,178,/home/calebe/Downloads/geração_de_prompt_label/Resultados_opt_niveis/Resultados extr_aes_ct.c_sub_word.ll/O2.o
O3,178,/home/calebe/Downloads/geração_de_prompt_label/Resultados_opt_niveis/Resultados extr_aes_ct.c_sub_word.ll/O3.o
Os,178,/home/calebe/Downloads/geração_de_prompt_label/Resultados_opt_niveis/Resultados extr_aes_ct.c_sub_word.ll/Os.o
Oz,178,/home/calebe/Downloads/geração_de_prompt_label/Resultados_opt_niveis/Resultados extr_aes_ct.c_sub_word.ll/Oz.o
