otimizacao,dec_bytes,arquivo_o
O1,216,/home/calebe/Downloads/geração_de_prompt_label/Resultados_opt_niveis/Resultados extr_tcan4x5x.c_tcan4x5x_check_wake.ll/O1.o
O2,230,/home/calebe/Downloads/geração_de_prompt_label/Resultados_opt_niveis/Resultados extr_tcan4x5x.c_tcan4x5x_check_wake.ll/O2.o
O3,230,/home/calebe/Downloads/geração_de_prompt_label/Resultados_opt_niveis/Resultados extr_tcan4x5x.c_tcan4x5x_check_wake.ll/O3.o
Os,230,/home/calebe/Downloads/geração_de_prompt_label/Resultados_opt_niveis/Resultados extr_tcan4x5x.c_tcan4x5x_check_wake.ll/Os.o
Oz,230,/home/calebe/Downloads/geração_de_prompt_label/Resultados_opt_niveis/Resultados extr_tcan4x5x.c_tcan4x5x_check_wake.ll/Oz.o
