otimizacao,dec_bytes,arquivo_o
O1,233,/home/calebe/Downloads/geração_de_prompt_label/Resultados_opt_niveis/Resultados extr_builtin-timechart.c_process_exit_read.ll/O1.o
O2,233,/home/calebe/Downloads/geração_de_prompt_label/Resultados_opt_niveis/Resultados extr_builtin-timechart.c_process_exit_read.ll/O2.o
O3,233,/home/calebe/Downloads/geração_de_prompt_label/Resultados_opt_niveis/Resultados extr_builtin-timechart.c_process_exit_read.ll/O3.o
Os,233,/home/calebe/Downloads/geração_de_prompt_label/Resultados_opt_niveis/Resultados extr_builtin-timechart.c_process_exit_read.ll/Os.o
Oz,233,/home/calebe/Downloads/geração_de_prompt_label/Resultados_opt_niveis/Resultados extr_builtin-timechart.c_process_exit_read.ll/Oz.o
