otimizacao,dec_bytes,arquivo_o
O1,534,/home/calebe/Downloads/geração_de_prompt_label/Resultados_opt_niveis/Resultados extr_sljitLir.c_function_check_dst.ll/O1.o
O2,534,/home/calebe/Downloads/geração_de_prompt_label/Resultados_opt_niveis/Resultados extr_sljitLir.c_function_check_dst.ll/O2.o
O3,534,/home/calebe/Downloads/geração_de_prompt_label/Resultados_opt_niveis/Resultados extr_sljitLir.c_function_check_dst.ll/O3.o
Os,534,/home/calebe/Downloads/geração_de_prompt_label/Resultados_opt_niveis/Resultados extr_sljitLir.c_function_check_dst.ll/Os.o
Oz,534,/home/calebe/Downloads/geração_de_prompt_label/Resultados_opt_niveis/Resultados extr_sljitLir.c_function_check_dst.ll/Oz.o
