otimizacao,dec_bytes,arquivo_o
O1,64,/home/calebe/Downloads/geração_de_prompt_label/Resultados_opt_niveis/Resultados extr_cpuset.c_cpuset_change_flag.ll/O1.o
O2,64,/home/calebe/Downloads/geração_de_prompt_label/Resultados_opt_niveis/Resultados extr_cpuset.c_cpuset_change_flag.ll/O2.o
O3,64,/home/calebe/Downloads/geração_de_prompt_label/Resultados_opt_niveis/Resultados extr_cpuset.c_cpuset_change_flag.ll/O3.o
Os,64,/home/calebe/Downloads/geração_de_prompt_label/Resultados_opt_niveis/Resultados extr_cpuset.c_cpuset_change_flag.ll/Os.o
Oz,64,/home/calebe/Downloads/geração_de_prompt_label/Resultados_opt_niveis/Resultados extr_cpuset.c_cpuset_change_flag.ll/Oz.o
