otimizacao,dec_bytes,arquivo_o
O1,83,/home/calebe/Downloads/geração_de_prompt_label/Resultados_opt_niveis/Resultados extr_triangle-vulkan.c_demo_error_callback.ll/O1.o
O2,83,/home/calebe/Downloads/geração_de_prompt_label/Resultados_opt_niveis/Resultados extr_triangle-vulkan.c_demo_error_callback.ll/O2.o
O3,83,/home/calebe/Downloads/geração_de_prompt_label/Resultados_opt_niveis/Resultados extr_triangle-vulkan.c_demo_error_callback.ll/O3.o
Os,83,/home/calebe/Downloads/geração_de_prompt_label/Resultados_opt_niveis/Resultados extr_triangle-vulkan.c_demo_error_callback.ll/Os.o
Oz,83,/home/calebe/Downloads/geração_de_prompt_label/Resultados_opt_niveis/Resultados extr_triangle-vulkan.c_demo_error_callback.ll/Oz.o
