otimizacao,dec_bytes,arquivo_o
O1,110,/home/calebe/Downloads/geração_de_prompt_label/Resultados_opt_niveis/Resultados extr_mv88e6063.c_mv88e6063_setup_global.ll/O1.o
O2,110,/home/calebe/Downloads/geração_de_prompt_label/Resultados_opt_niveis/Resultados extr_mv88e6063.c_mv88e6063_setup_global.ll/O2.o
O3,110,/home/calebe/Downloads/geração_de_prompt_label/Resultados_opt_niveis/Resultados extr_mv88e6063.c_mv88e6063_setup_global.ll/O3.o
Os,110,/home/calebe/Downloads/geração_de_prompt_label/Resultados_opt_niveis/Resultados extr_mv88e6063.c_mv88e6063_setup_global.ll/Os.o
Oz,110,/home/calebe/Downloads/geração_de_prompt_label/Resultados_opt_niveis/Resultados extr_mv88e6063.c_mv88e6063_setup_global.ll/Oz.o
