otimizacao,dec_bytes,arquivo_o
O1,50,/home/calebe/Downloads/geração_de_prompt_label/Resultados_opt_niveis/Resultados extr_gfx_v6_0.c_gfx_v6_0_select_me_pipe_q.ll/O1.o
O2,50,/home/calebe/Downloads/geração_de_prompt_label/Resultados_opt_niveis/Resultados extr_gfx_v6_0.c_gfx_v6_0_select_me_pipe_q.ll/O2.o
O3,50,/home/calebe/Downloads/geração_de_prompt_label/Resultados_opt_niveis/Resultados extr_gfx_v6_0.c_gfx_v6_0_select_me_pipe_q.ll/O3.o
Os,50,/home/calebe/Downloads/geração_de_prompt_label/Resultados_opt_niveis/Resultados extr_gfx_v6_0.c_gfx_v6_0_select_me_pipe_q.ll/Os.o
Oz,50,/home/calebe/Downloads/geração_de_prompt_label/Resultados_opt_niveis/Resultados extr_gfx_v6_0.c_gfx_v6_0_select_me_pipe_q.ll/Oz.o
