otimizacao,dec_bytes,arquivo_o
O1,84,/home/calebe/Downloads/geração_de_prompt_label/Resultados_opt_niveis/Resultados extr_..machine.h_machine__kernel_ip.ll/O1.o
O2,84,/home/calebe/Downloads/geração_de_prompt_label/Resultados_opt_niveis/Resultados extr_..machine.h_machine__kernel_ip.ll/O2.o
O3,84,/home/calebe/Downloads/geração_de_prompt_label/Resultados_opt_niveis/Resultados extr_..machine.h_machine__kernel_ip.ll/O3.o
Os,84,/home/calebe/Downloads/geração_de_prompt_label/Resultados_opt_niveis/Resultados extr_..machine.h_machine__kernel_ip.ll/Os.o
Oz,84,/home/calebe/Downloads/geração_de_prompt_label/Resultados_opt_niveis/Resultados extr_..machine.h_machine__kernel_ip.ll/Oz.o
