otimizacao,dec_bytes,arquivo_o
O1,284,/home/calebe/Downloads/geração_de_prompt_label/Resultados_opt_niveis/Resultados extr_misc.c_release_input.ll/O1.o
O2,284,/home/calebe/Downloads/geração_de_prompt_label/Resultados_opt_niveis/Resultados extr_misc.c_release_input.ll/O2.o
O3,284,/home/calebe/Downloads/geração_de_prompt_label/Resultados_opt_niveis/Resultados extr_misc.c_release_input.ll/O3.o
Os,284,/home/calebe/Downloads/geração_de_prompt_label/Resultados_opt_niveis/Resultados extr_misc.c_release_input.ll/Os.o
Oz,284,/home/calebe/Downloads/geração_de_prompt_label/Resultados_opt_niveis/Resultados extr_misc.c_release_input.ll/Oz.o
