otimizacao,dec_bytes,arquivo_o
O1,354,/home/calebe/Downloads/geração_de_prompt_label/Resultados_opt_niveis/Resultados extr_lan743x_main.c_lan743x_phy_reset.ll/O1.o
O2,354,/home/calebe/Downloads/geração_de_prompt_label/Resultados_opt_niveis/Resultados extr_lan743x_main.c_lan743x_phy_reset.ll/O2.o
O3,354,/home/calebe/Downloads/geração_de_prompt_label/Resultados_opt_niveis/Resultados extr_lan743x_main.c_lan743x_phy_reset.ll/O3.o
Os,354,/home/calebe/Downloads/geração_de_prompt_label/Resultados_opt_niveis/Resultados extr_lan743x_main.c_lan743x_phy_reset.ll/Os.o
Oz,354,/home/calebe/Downloads/geração_de_prompt_label/Resultados_opt_niveis/Resultados extr_lan743x_main.c_lan743x_phy_reset.ll/Oz.o
