otimizacao,dec_bytes,arquivo_o
O1,52,/home/calebe/Downloads/geração_de_prompt_label/Resultados_opt_niveis/Resultados extr_callchain.h_callchain_cumul_counts.ll/O1.o
O2,52,/home/calebe/Downloads/geração_de_prompt_label/Resultados_opt_niveis/Resultados extr_callchain.h_callchain_cumul_counts.ll/O2.o
O3,52,/home/calebe/Downloads/geração_de_prompt_label/Resultados_opt_niveis/Resultados extr_callchain.h_callchain_cumul_counts.ll/O3.o
Os,52,/home/calebe/Downloads/geração_de_prompt_label/Resultados_opt_niveis/Resultados extr_callchain.h_callchain_cumul_counts.ll/Os.o
Oz,52,/home/calebe/Downloads/geração_de_prompt_label/Resultados_opt_niveis/Resultados extr_callchain.h_callchain_cumul_counts.ll/Oz.o
