otimizacao,dec_bytes,arquivo_o
O1,240,/home/calebe/Downloads/geração_de_prompt_label/Resultados_opt_niveis/Resultados extr_kvm_minidump_aarch64.c__aarch64_entry_to_prot.ll/O1.o
O2,240,/home/calebe/Downloads/geração_de_prompt_label/Resultados_opt_niveis/Resultados extr_kvm_minidump_aarch64.c__aarch64_entry_to_prot.ll/O2.o
O3,240,/home/calebe/Downloads/geração_de_prompt_label/Resultados_opt_niveis/Resultados extr_kvm_minidump_aarch64.c__aarch64_entry_to_prot.ll/O3.o
Os,240,/home/calebe/Downloads/geração_de_prompt_label/Resultados_opt_niveis/Resultados extr_kvm_minidump_aarch64.c__aarch64_entry_to_prot.ll/Os.o
Oz,240,/home/calebe/Downloads/geração_de_prompt_label/Resultados_opt_niveis/Resultados extr_kvm_minidump_aarch64.c__aarch64_entry_to_prot.ll/Oz.o
