otimizacao,dec_bytes,arquivo_o
O1,22,/home/calebe/Downloads/geração_de_prompt_label/Resultados_opt_niveis/Resultados extr_patch_realtek.c_alc_pre_init.ll/O1.o
O2,22,/home/calebe/Downloads/geração_de_prompt_label/Resultados_opt_niveis/Resultados extr_patch_realtek.c_alc_pre_init.ll/O2.o
O3,22,/home/calebe/Downloads/geração_de_prompt_label/Resultados_opt_niveis/Resultados extr_patch_realtek.c_alc_pre_init.ll/O3.o
Os,22,/home/calebe/Downloads/geração_de_prompt_label/Resultados_opt_niveis/Resultados extr_patch_realtek.c_alc_pre_init.ll/Os.o
Oz,22,/home/calebe/Downloads/geração_de_prompt_label/Resultados_opt_niveis/Resultados extr_patch_realtek.c_alc_pre_init.ll/Oz.o
