otimizacao,dec_bytes,arquivo_o
O1,110,/home/calebe/Downloads/geração_de_prompt_label/Resultados_opt_niveis/Resultados extr_ks8851_mll.c_ks_start_rx.ll/O1.o
O2,110,/home/calebe/Downloads/geração_de_prompt_label/Resultados_opt_niveis/Resultados extr_ks8851_mll.c_ks_start_rx.ll/O2.o
O3,110,/home/calebe/Downloads/geração_de_prompt_label/Resultados_opt_niveis/Resultados extr_ks8851_mll.c_ks_start_rx.ll/O3.o
Os,110,/home/calebe/Downloads/geração_de_prompt_label/Resultados_opt_niveis/Resultados extr_ks8851_mll.c_ks_start_rx.ll/Os.o
Oz,110,/home/calebe/Downloads/geração_de_prompt_label/Resultados_opt_niveis/Resultados extr_ks8851_mll.c_ks_start_rx.ll/Oz.o
