otimizacao,dec_bytes,arquivo_o
O1,196,/home/calebe/Downloads/geração_de_prompt_label/Resultados_opt_niveis/Resultados extr_....utilhist.h_perf_hpp__should_skip.ll/O1.o
O2,196,/home/calebe/Downloads/geração_de_prompt_label/Resultados_opt_niveis/Resultados extr_....utilhist.h_perf_hpp__should_skip.ll/O2.o
O3,196,/home/calebe/Downloads/geração_de_prompt_label/Resultados_opt_niveis/Resultados extr_....utilhist.h_perf_hpp__should_skip.ll/O3.o
Os,196,/home/calebe/Downloads/geração_de_prompt_label/Resultados_opt_niveis/Resultados extr_....utilhist.h_perf_hpp__should_skip.ll/Os.o
Oz,196,/home/calebe/Downloads/geração_de_prompt_label/Resultados_opt_niveis/Resultados extr_....utilhist.h_perf_hpp__should_skip.ll/Oz.o
