otimizacao,dec_bytes,arquivo_o
O1,112,/home/calebe/Downloads/geração_de_prompt_label/Resultados_opt_niveis/Resultados extr_panic.c_putEntry.ll/O1.o
O2,112,/home/calebe/Downloads/geração_de_prompt_label/Resultados_opt_niveis/Resultados extr_panic.c_putEntry.ll/O2.o
O3,112,/home/calebe/Downloads/geração_de_prompt_label/Resultados_opt_niveis/Resultados extr_panic.c_putEntry.ll/O3.o
Os,112,/home/calebe/Downloads/geração_de_prompt_label/Resultados_opt_niveis/Resultados extr_panic.c_putEntry.ll/Os.o
Oz,112,/home/calebe/Downloads/geração_de_prompt_label/Resultados_opt_niveis/Resultados extr_panic.c_putEntry.ll/Oz.o
