otimizacao,dec_bytes,arquivo_o
O1,24,/home/calebe/Downloads/geração_de_prompt_label/Resultados_opt_niveis/Resultados extr_..pci.h_pci_ats_enabled.ll/O1.o
O2,24,/home/calebe/Downloads/geração_de_prompt_label/Resultados_opt_niveis/Resultados extr_..pci.h_pci_ats_enabled.ll/O2.o
O3,24,/home/calebe/Downloads/geração_de_prompt_label/Resultados_opt_niveis/Resultados extr_..pci.h_pci_ats_enabled.ll/O3.o
Os,24,/home/calebe/Downloads/geração_de_prompt_label/Resultados_opt_niveis/Resultados extr_..pci.h_pci_ats_enabled.ll/Os.o
Oz,24,/home/calebe/Downloads/geração_de_prompt_label/Resultados_opt_niveis/Resultados extr_..pci.h_pci_ats_enabled.ll/Oz.o
