otimizacao,dec_bytes,arquivo_o
O1,14,/home/calebe/Downloads/geração_de_prompt_label/Resultados_opt_niveis/Resultados extr_dcamath.h_clip23.ll/O1.o
O2,14,/home/calebe/Downloads/geração_de_prompt_label/Resultados_opt_niveis/Resultados extr_dcamath.h_clip23.ll/O2.o
O3,14,/home/calebe/Downloads/geração_de_prompt_label/Resultados_opt_niveis/Resultados extr_dcamath.h_clip23.ll/O3.o
Os,14,/home/calebe/Downloads/geração_de_prompt_label/Resultados_opt_niveis/Resultados extr_dcamath.h_clip23.ll/Os.o
Oz,14,/home/calebe/Downloads/geração_de_prompt_label/Resultados_opt_niveis/Resultados extr_dcamath.h_clip23.ll/Oz.o
