otimizacao,dec_bytes,arquivo_o
O1,114,/home/calebe/Downloads/geração_de_prompt_label/Resultados_opt_niveis/Resultados extr_rt2800mmio.c_rt2800mmio_enable_radio.ll/O1.o
O2,114,/home/calebe/Downloads/geração_de_prompt_label/Resultados_opt_niveis/Resultados extr_rt2800mmio.c_rt2800mmio_enable_radio.ll/O2.o
O3,114,/home/calebe/Downloads/geração_de_prompt_label/Resultados_opt_niveis/Resultados extr_rt2800mmio.c_rt2800mmio_enable_radio.ll/O3.o
Os,114,/home/calebe/Downloads/geração_de_prompt_label/Resultados_opt_niveis/Resultados extr_rt2800mmio.c_rt2800mmio_enable_radio.ll/Os.o
Oz,114,/home/calebe/Downloads/geração_de_prompt_label/Resultados_opt_niveis/Resultados extr_rt2800mmio.c_rt2800mmio_enable_radio.ll/Oz.o
