otimizacao,dec_bytes,arquivo_o
O1,136,/home/calebe/Downloads/geração_de_prompt_label/Resultados_opt_niveis/Resultados extr_cadence_wdt.c_cdns_wdt_writereg.ll/O1.o
O2,136,/home/calebe/Downloads/geração_de_prompt_label/Resultados_opt_niveis/Resultados extr_cadence_wdt.c_cdns_wdt_writereg.ll/O2.o
O3,136,/home/calebe/Downloads/geração_de_prompt_label/Resultados_opt_niveis/Resultados extr_cadence_wdt.c_cdns_wdt_writereg.ll/O3.o
Os,136,/home/calebe/Downloads/geração_de_prompt_label/Resultados_opt_niveis/Resultados extr_cadence_wdt.c_cdns_wdt_writereg.ll/Os.o
Oz,136,/home/calebe/Downloads/geração_de_prompt_label/Resultados_opt_niveis/Resultados extr_cadence_wdt.c_cdns_wdt_writereg.ll/Oz.o
