otimizacao,dec_bytes,arquivo_o
O1,206,/home/calebe/Downloads/geração_de_prompt_label/Resultados_opt_niveis/Resultados extr_rtw8822c.c_rtw8822c_coex_cfg_gnt_debug.ll/O1.o
O2,206,/home/calebe/Downloads/geração_de_prompt_label/Resultados_opt_niveis/Resultados extr_rtw8822c.c_rtw8822c_coex_cfg_gnt_debug.ll/O2.o
O3,206,/home/calebe/Downloads/geração_de_prompt_label/Resultados_opt_niveis/Resultados extr_rtw8822c.c_rtw8822c_coex_cfg_gnt_debug.ll/O3.o
Os,206,/home/calebe/Downloads/geração_de_prompt_label/Resultados_opt_niveis/Resultados extr_rtw8822c.c_rtw8822c_coex_cfg_gnt_debug.ll/Os.o
Oz,206,/home/calebe/Downloads/geração_de_prompt_label/Resultados_opt_niveis/Resultados extr_rtw8822c.c_rtw8822c_coex_cfg_gnt_debug.ll/Oz.o
