otimizacao,dec_bytes,arquivo_o
O1,140,/home/calebe/Downloads/geração_de_prompt_label/Resultados_opt_niveis/Resultados extr_linux_misc.c_linux_msync.ll/O1.o
O2,140,/home/calebe/Downloads/geração_de_prompt_label/Resultados_opt_niveis/Resultados extr_linux_misc.c_linux_msync.ll/O2.o
O3,140,/home/calebe/Downloads/geração_de_prompt_label/Resultados_opt_niveis/Resultados extr_linux_misc.c_linux_msync.ll/O3.o
Os,140,/home/calebe/Downloads/geração_de_prompt_label/Resultados_opt_niveis/Resultados extr_linux_misc.c_linux_msync.ll/Os.o
Oz,140,/home/calebe/Downloads/geração_de_prompt_label/Resultados_opt_niveis/Resultados extr_linux_misc.c_linux_msync.ll/Oz.o
