otimizacao,dec_bytes,arquivo_o
O1,166,/home/calebe/Downloads/geração_de_prompt_label/Resultados_opt_niveis/Resultados extr_hpdf_fontdef_cns.c_SimSun_Bold_Init.ll/O1.o
O2,166,/home/calebe/Downloads/geração_de_prompt_label/Resultados_opt_niveis/Resultados extr_hpdf_fontdef_cns.c_SimSun_Bold_Init.ll/O2.o
O3,166,/home/calebe/Downloads/geração_de_prompt_label/Resultados_opt_niveis/Resultados extr_hpdf_fontdef_cns.c_SimSun_Bold_Init.ll/O3.o
Os,166,/home/calebe/Downloads/geração_de_prompt_label/Resultados_opt_niveis/Resultados extr_hpdf_fontdef_cns.c_SimSun_Bold_Init.ll/Os.o
Oz,166,/home/calebe/Downloads/geração_de_prompt_label/Resultados_opt_niveis/Resultados extr_hpdf_fontdef_cns.c_SimSun_Bold_Init.ll/Oz.o
