otimizacao,dec_bytes,arquivo_o
O1,22,/home/calebe/Downloads/geração_de_prompt_label/Resultados_opt_niveis/Resultados extr_stm32-usart.c_stm32_stop_tx.ll/O1.o
O2,22,/home/calebe/Downloads/geração_de_prompt_label/Resultados_opt_niveis/Resultados extr_stm32-usart.c_stm32_stop_tx.ll/O2.o
O3,22,/home/calebe/Downloads/geração_de_prompt_label/Resultados_opt_niveis/Resultados extr_stm32-usart.c_stm32_stop_tx.ll/O3.o
Os,22,/home/calebe/Downloads/geração_de_prompt_label/Resultados_opt_niveis/Resultados extr_stm32-usart.c_stm32_stop_tx.ll/Os.o
Oz,22,/home/calebe/Downloads/geração_de_prompt_label/Resultados_opt_niveis/Resultados extr_stm32-usart.c_stm32_stop_tx.ll/Oz.o
