otimizacao,dec_bytes,arquivo_o
O1,72,/home/calebe/Downloads/geração_de_prompt_label/Resultados_opt_niveis/Resultados extr_verbs.c_mlx5_free_pd.ll/O1.o
O2,82,/home/calebe/Downloads/geração_de_prompt_label/Resultados_opt_niveis/Resultados extr_verbs.c_mlx5_free_pd.ll/O2.o
O3,82,/home/calebe/Downloads/geração_de_prompt_label/Resultados_opt_niveis/Resultados extr_verbs.c_mlx5_free_pd.ll/O3.o
Os,82,/home/calebe/Downloads/geração_de_prompt_label/Resultados_opt_niveis/Resultados extr_verbs.c_mlx5_free_pd.ll/Os.o
Oz,82,/home/calebe/Downloads/geração_de_prompt_label/Resultados_opt_niveis/Resultados extr_verbs.c_mlx5_free_pd.ll/Oz.o
