otimizacao,dec_bytes,arquivo_o
O1,162,/home/calebe/Downloads/geração_de_prompt_label/Resultados_opt_niveis/Resultados extr_typcache.c_record_fields_have_equality.ll/O1.o
O2,160,/home/calebe/Downloads/geração_de_prompt_label/Resultados_opt_niveis/Resultados extr_typcache.c_record_fields_have_equality.ll/O2.o
O3,160,/home/calebe/Downloads/geração_de_prompt_label/Resultados_opt_niveis/Resultados extr_typcache.c_record_fields_have_equality.ll/O3.o
Os,160,/home/calebe/Downloads/geração_de_prompt_label/Resultados_opt_niveis/Resultados extr_typcache.c_record_fields_have_equality.ll/Os.o
Oz,160,/home/calebe/Downloads/geração_de_prompt_label/Resultados_opt_niveis/Resultados extr_typcache.c_record_fields_have_equality.ll/Oz.o
