otimizacao,dec_bytes,arquivo_o
O1,152,/home/calebe/Downloads/geração_de_prompt_label/Resultados_opt_niveis/Resultados extr_jz4725b_bch.c_jz4725b_bch_config_clear.ll/O1.o
O2,152,/home/calebe/Downloads/geração_de_prompt_label/Resultados_opt_niveis/Resultados extr_jz4725b_bch.c_jz4725b_bch_config_clear.ll/O2.o
O3,152,/home/calebe/Downloads/geração_de_prompt_label/Resultados_opt_niveis/Resultados extr_jz4725b_bch.c_jz4725b_bch_config_clear.ll/O3.o
Os,152,/home/calebe/Downloads/geração_de_prompt_label/Resultados_opt_niveis/Resultados extr_jz4725b_bch.c_jz4725b_bch_config_clear.ll/Os.o
Oz,152,/home/calebe/Downloads/geração_de_prompt_label/Resultados_opt_niveis/Resultados extr_jz4725b_bch.c_jz4725b_bch_config_clear.ll/Oz.o
