otimizacao,dec_bytes,arquivo_o
O1,176,/home/calebe/Downloads/geração_de_prompt_label/Resultados_opt_niveis/Resultados extr_sym_hipd.c_sym_chip_reset.ll/O1.o
O2,176,/home/calebe/Downloads/geração_de_prompt_label/Resultados_opt_niveis/Resultados extr_sym_hipd.c_sym_chip_reset.ll/O2.o
O3,176,/home/calebe/Downloads/geração_de_prompt_label/Resultados_opt_niveis/Resultados extr_sym_hipd.c_sym_chip_reset.ll/O3.o
Os,176,/home/calebe/Downloads/geração_de_prompt_label/Resultados_opt_niveis/Resultados extr_sym_hipd.c_sym_chip_reset.ll/Os.o
Oz,176,/home/calebe/Downloads/geração_de_prompt_label/Resultados_opt_niveis/Resultados extr_sym_hipd.c_sym_chip_reset.ll/Oz.o
