otimizacao,dec_bytes,arquivo_o
O1,240,/home/calebe/Downloads/geração_de_prompt_label/Resultados_opt_niveis/Resultados extr_minilua.c_discharge2anyreg.ll/O1.o
O2,240,/home/calebe/Downloads/geração_de_prompt_label/Resultados_opt_niveis/Resultados extr_minilua.c_discharge2anyreg.ll/O2.o
O3,240,/home/calebe/Downloads/geração_de_prompt_label/Resultados_opt_niveis/Resultados extr_minilua.c_discharge2anyreg.ll/O3.o
Os,240,/home/calebe/Downloads/geração_de_prompt_label/Resultados_opt_niveis/Resultados extr_minilua.c_discharge2anyreg.ll/Os.o
Oz,240,/home/calebe/Downloads/geração_de_prompt_label/Resultados_opt_niveis/Resultados extr_minilua.c_discharge2anyreg.ll/Oz.o
