otimizacao,dec_bytes,arquivo_o
O1,156,/home/calebe/Downloads/geração_de_prompt_label/Resultados_opt_niveis/Resultados extr_ef10.c_efx_ef10_vlan_rx_kill_vid.ll/O1.o
O2,156,/home/calebe/Downloads/geração_de_prompt_label/Resultados_opt_niveis/Resultados extr_ef10.c_efx_ef10_vlan_rx_kill_vid.ll/O2.o
O3,156,/home/calebe/Downloads/geração_de_prompt_label/Resultados_opt_niveis/Resultados extr_ef10.c_efx_ef10_vlan_rx_kill_vid.ll/O3.o
Os,156,/home/calebe/Downloads/geração_de_prompt_label/Resultados_opt_niveis/Resultados extr_ef10.c_efx_ef10_vlan_rx_kill_vid.ll/Os.o
Oz,156,/home/calebe/Downloads/geração_de_prompt_label/Resultados_opt_niveis/Resultados extr_ef10.c_efx_ef10_vlan_rx_kill_vid.ll/Oz.o
