otimizacao,dec_bytes,arquivo_o
O1,78,/home/calebe/Downloads/geração_de_prompt_label/Resultados_opt_niveis/Resultados extr_en_main.c_mlx5e_destroy_rqt.ll/O1.o
O2,78,/home/calebe/Downloads/geração_de_prompt_label/Resultados_opt_niveis/Resultados extr_en_main.c_mlx5e_destroy_rqt.ll/O2.o
O3,78,/home/calebe/Downloads/geração_de_prompt_label/Resultados_opt_niveis/Resultados extr_en_main.c_mlx5e_destroy_rqt.ll/O3.o
Os,78,/home/calebe/Downloads/geração_de_prompt_label/Resultados_opt_niveis/Resultados extr_en_main.c_mlx5e_destroy_rqt.ll/Os.o
Oz,78,/home/calebe/Downloads/geração_de_prompt_label/Resultados_opt_niveis/Resultados extr_en_main.c_mlx5e_destroy_rqt.ll/Oz.o
