otimizacao,dec_bytes,arquivo_o
O1,102,/home/calebe/Downloads/geração_de_prompt_label/Resultados_opt_niveis/Resultados extr_led_matrix.c_decrement.ll/O1.o
O2,102,/home/calebe/Downloads/geração_de_prompt_label/Resultados_opt_niveis/Resultados extr_led_matrix.c_decrement.ll/O2.o
O3,102,/home/calebe/Downloads/geração_de_prompt_label/Resultados_opt_niveis/Resultados extr_led_matrix.c_decrement.ll/O3.o
Os,102,/home/calebe/Downloads/geração_de_prompt_label/Resultados_opt_niveis/Resultados extr_led_matrix.c_decrement.ll/Os.o
Oz,102,/home/calebe/Downloads/geração_de_prompt_label/Resultados_opt_niveis/Resultados extr_led_matrix.c_decrement.ll/Oz.o
