otimizacao,dec_bytes,arquivo_o
O1,217,/home/calebe/Downloads/geração_de_prompt_label/Resultados_opt_niveis/Resultados extr_aw_if_dwc.c_a20_if_dwc_probe.ll/O1.o
O2,217,/home/calebe/Downloads/geração_de_prompt_label/Resultados_opt_niveis/Resultados extr_aw_if_dwc.c_a20_if_dwc_probe.ll/O2.o
O3,217,/home/calebe/Downloads/geração_de_prompt_label/Resultados_opt_niveis/Resultados extr_aw_if_dwc.c_a20_if_dwc_probe.ll/O3.o
Os,217,/home/calebe/Downloads/geração_de_prompt_label/Resultados_opt_niveis/Resultados extr_aw_if_dwc.c_a20_if_dwc_probe.ll/Os.o
Oz,217,/home/calebe/Downloads/geração_de_prompt_label/Resultados_opt_niveis/Resultados extr_aw_if_dwc.c_a20_if_dwc_probe.ll/Oz.o
