otimizacao,dec_bytes,arquivo_o
O1,158,/home/calebe/Downloads/geração_de_prompt_label/Resultados_opt_niveis/Resultados extr_als300.c_snd_als300_free.ll/O1.o
O2,158,/home/calebe/Downloads/geração_de_prompt_label/Resultados_opt_niveis/Resultados extr_als300.c_snd_als300_free.ll/O2.o
O3,158,/home/calebe/Downloads/geração_de_prompt_label/Resultados_opt_niveis/Resultados extr_als300.c_snd_als300_free.ll/O3.o
Os,158,/home/calebe/Downloads/geração_de_prompt_label/Resultados_opt_niveis/Resultados extr_als300.c_snd_als300_free.ll/Os.o
Oz,158,/home/calebe/Downloads/geração_de_prompt_label/Resultados_opt_niveis/Resultados extr_als300.c_snd_als300_free.ll/Oz.o
