otimizacao,dec_bytes,arquivo_o
O1,390,/home/calebe/Downloads/geração_de_prompt_label/Resultados_opt_niveis/Resultados extr_uip_tcp.c_uip_tcpinput_timewait.ll/O1.o
O2,390,/home/calebe/Downloads/geração_de_prompt_label/Resultados_opt_niveis/Resultados extr_uip_tcp.c_uip_tcpinput_timewait.ll/O2.o
O3,390,/home/calebe/Downloads/geração_de_prompt_label/Resultados_opt_niveis/Resultados extr_uip_tcp.c_uip_tcpinput_timewait.ll/O3.o
Os,390,/home/calebe/Downloads/geração_de_prompt_label/Resultados_opt_niveis/Resultados extr_uip_tcp.c_uip_tcpinput_timewait.ll/Os.o
Oz,390,/home/calebe/Downloads/geração_de_prompt_label/Resultados_opt_niveis/Resultados extr_uip_tcp.c_uip_tcpinput_timewait.ll/Oz.o
