otimizacao,dec_bytes,arquivo_o
O1,104,/home/calebe/Downloads/geração_de_prompt_label/Resultados_opt_niveis/Resultados extr_xonar_cs43xx.c_xonar_d1_resume.ll/O1.o
O2,104,/home/calebe/Downloads/geração_de_prompt_label/Resultados_opt_niveis/Resultados extr_xonar_cs43xx.c_xonar_d1_resume.ll/O2.o
O3,104,/home/calebe/Downloads/geração_de_prompt_label/Resultados_opt_niveis/Resultados extr_xonar_cs43xx.c_xonar_d1_resume.ll/O3.o
Os,104,/home/calebe/Downloads/geração_de_prompt_label/Resultados_opt_niveis/Resultados extr_xonar_cs43xx.c_xonar_d1_resume.ll/Os.o
Oz,104,/home/calebe/Downloads/geração_de_prompt_label/Resultados_opt_niveis/Resultados extr_xonar_cs43xx.c_xonar_d1_resume.ll/Oz.o
