otimizacao,dec_bytes,arquivo_o
O1,376,/home/calebe/Downloads/geração_de_prompt_label/Resultados_opt_niveis/Resultados extr_bcm7xxx.c_bcm7xxx_28nm_d0_afe_config_init.ll/O1.o
O2,376,/home/calebe/Downloads/geração_de_prompt_label/Resultados_opt_niveis/Resultados extr_bcm7xxx.c_bcm7xxx_28nm_d0_afe_config_init.ll/O2.o
O3,376,/home/calebe/Downloads/geração_de_prompt_label/Resultados_opt_niveis/Resultados extr_bcm7xxx.c_bcm7xxx_28nm_d0_afe_config_init.ll/O3.o
Os,376,/home/calebe/Downloads/geração_de_prompt_label/Resultados_opt_niveis/Resultados extr_bcm7xxx.c_bcm7xxx_28nm_d0_afe_config_init.ll/Os.o
Oz,376,/home/calebe/Downloads/geração_de_prompt_label/Resultados_opt_niveis/Resultados extr_bcm7xxx.c_bcm7xxx_28nm_d0_afe_config_init.ll/Oz.o
