otimizacao,dec_bytes,arquivo_o
O1,176,/home/calebe/Downloads/geração_de_prompt_label/Resultados_opt_niveis/Resultados extr_pci.c_pci_power_reset.ll/O1.o
O2,180,/home/calebe/Downloads/geração_de_prompt_label/Resultados_opt_niveis/Resultados extr_pci.c_pci_power_reset.ll/O2.o
O3,180,/home/calebe/Downloads/geração_de_prompt_label/Resultados_opt_niveis/Resultados extr_pci.c_pci_power_reset.ll/O3.o
Os,180,/home/calebe/Downloads/geração_de_prompt_label/Resultados_opt_niveis/Resultados extr_pci.c_pci_power_reset.ll/Os.o
Oz,180,/home/calebe/Downloads/geração_de_prompt_label/Resultados_opt_niveis/Resultados extr_pci.c_pci_power_reset.ll/Oz.o
