otimizacao,dec_bytes,arquivo_o
O1,304,/home/calebe/Downloads/geração_de_prompt_label/Resultados_opt_niveis/Resultados extr_nv_setup.c_NVReadAttr.ll/O1.o
O2,304,/home/calebe/Downloads/geração_de_prompt_label/Resultados_opt_niveis/Resultados extr_nv_setup.c_NVReadAttr.ll/O2.o
O3,304,/home/calebe/Downloads/geração_de_prompt_label/Resultados_opt_niveis/Resultados extr_nv_setup.c_NVReadAttr.ll/O3.o
Os,304,/home/calebe/Downloads/geração_de_prompt_label/Resultados_opt_niveis/Resultados extr_nv_setup.c_NVReadAttr.ll/Os.o
Oz,304,/home/calebe/Downloads/geração_de_prompt_label/Resultados_opt_niveis/Resultados extr_nv_setup.c_NVReadAttr.ll/Oz.o
