otimizacao,dec_bytes,arquivo_o
O1,91,/home/calebe/Downloads/geração_de_prompt_label/Resultados_opt_niveis/Resultados extr_dmi-sysfs.c_dmi_sysfs_entry_position.ll/O1.o
O2,91,/home/calebe/Downloads/geração_de_prompt_label/Resultados_opt_niveis/Resultados extr_dmi-sysfs.c_dmi_sysfs_entry_position.ll/O2.o
O3,91,/home/calebe/Downloads/geração_de_prompt_label/Resultados_opt_niveis/Resultados extr_dmi-sysfs.c_dmi_sysfs_entry_position.ll/O3.o
Os,91,/home/calebe/Downloads/geração_de_prompt_label/Resultados_opt_niveis/Resultados extr_dmi-sysfs.c_dmi_sysfs_entry_position.ll/Os.o
Oz,91,/home/calebe/Downloads/geração_de_prompt_label/Resultados_opt_niveis/Resultados extr_dmi-sysfs.c_dmi_sysfs_entry_position.ll/Oz.o
