otimizacao,dec_bytes,arquivo_o
O1,154,/home/calebe/Downloads/geração_de_prompt_label/Resultados_opt_niveis/Resultados extr_pmbus_core.c_pmbus_data2reg_vid.ll/O1.o
O2,154,/home/calebe/Downloads/geração_de_prompt_label/Resultados_opt_niveis/Resultados extr_pmbus_core.c_pmbus_data2reg_vid.ll/O2.o
O3,154,/home/calebe/Downloads/geração_de_prompt_label/Resultados_opt_niveis/Resultados extr_pmbus_core.c_pmbus_data2reg_vid.ll/O3.o
Os,154,/home/calebe/Downloads/geração_de_prompt_label/Resultados_opt_niveis/Resultados extr_pmbus_core.c_pmbus_data2reg_vid.ll/Os.o
Oz,154,/home/calebe/Downloads/geração_de_prompt_label/Resultados_opt_niveis/Resultados extr_pmbus_core.c_pmbus_data2reg_vid.ll/Oz.o
