otimizacao,dec_bytes,arquivo_o
O1,220,/home/calebe/Downloads/geração_de_prompt_label/Resultados_opt_niveis/Resultados extr_i386-nto-tdep.c_i386nto_sigcontext_addr.ll/O1.o
O2,220,/home/calebe/Downloads/geração_de_prompt_label/Resultados_opt_niveis/Resultados extr_i386-nto-tdep.c_i386nto_sigcontext_addr.ll/O2.o
O3,220,/home/calebe/Downloads/geração_de_prompt_label/Resultados_opt_niveis/Resultados extr_i386-nto-tdep.c_i386nto_sigcontext_addr.ll/O3.o
Os,220,/home/calebe/Downloads/geração_de_prompt_label/Resultados_opt_niveis/Resultados extr_i386-nto-tdep.c_i386nto_sigcontext_addr.ll/Os.o
Oz,220,/home/calebe/Downloads/geração_de_prompt_label/Resultados_opt_niveis/Resultados extr_i386-nto-tdep.c_i386nto_sigcontext_addr.ll/Oz.o
