otimizacao,dec_bytes,arquivo_o
O1,1821,/home/calebe/Downloads/geração_de_prompt_label/Resultados_opt_niveis/Resultados extr_rockchip_lvds.c_rockchip_lvds_poweron.ll/O1.o
O2,1821,/home/calebe/Downloads/geração_de_prompt_label/Resultados_opt_niveis/Resultados extr_rockchip_lvds.c_rockchip_lvds_poweron.ll/O2.o
O3,1821,/home/calebe/Downloads/geração_de_prompt_label/Resultados_opt_niveis/Resultados extr_rockchip_lvds.c_rockchip_lvds_poweron.ll/O3.o
Os,1821,/home/calebe/Downloads/geração_de_prompt_label/Resultados_opt_niveis/Resultados extr_rockchip_lvds.c_rockchip_lvds_poweron.ll/Os.o
Oz,1821,/home/calebe/Downloads/geração_de_prompt_label/Resultados_opt_niveis/Resultados extr_rockchip_lvds.c_rockchip_lvds_poweron.ll/Oz.o
