otimizacao,dec_bytes,arquivo_o
O1,74,/home/calebe/Downloads/geração_de_prompt_label/Resultados_opt_niveis/Resultados extr_ugidfw_vnode.c_ugidfw_vnode_check_listextattr.ll/O1.o
O2,74,/home/calebe/Downloads/geração_de_prompt_label/Resultados_opt_niveis/Resultados extr_ugidfw_vnode.c_ugidfw_vnode_check_listextattr.ll/O2.o
O3,74,/home/calebe/Downloads/geração_de_prompt_label/Resultados_opt_niveis/Resultados extr_ugidfw_vnode.c_ugidfw_vnode_check_listextattr.ll/O3.o
Os,74,/home/calebe/Downloads/geração_de_prompt_label/Resultados_opt_niveis/Resultados extr_ugidfw_vnode.c_ugidfw_vnode_check_listextattr.ll/Os.o
Oz,74,/home/calebe/Downloads/geração_de_prompt_label/Resultados_opt_niveis/Resultados extr_ugidfw_vnode.c_ugidfw_vnode_check_listextattr.ll/Oz.o
