otimizacao,dec_bytes,arquivo_o
O1,240,/home/calebe/Downloads/geração_de_prompt_label/Resultados_opt_niveis/Resultados extr_bnx2x_dcb.c_bnx2x_dcbx_add_to_cos_bw.ll/O1.o
O2,240,/home/calebe/Downloads/geração_de_prompt_label/Resultados_opt_niveis/Resultados extr_bnx2x_dcb.c_bnx2x_dcbx_add_to_cos_bw.ll/O2.o
O3,240,/home/calebe/Downloads/geração_de_prompt_label/Resultados_opt_niveis/Resultados extr_bnx2x_dcb.c_bnx2x_dcbx_add_to_cos_bw.ll/O3.o
Os,240,/home/calebe/Downloads/geração_de_prompt_label/Resultados_opt_niveis/Resultados extr_bnx2x_dcb.c_bnx2x_dcbx_add_to_cos_bw.ll/Os.o
Oz,240,/home/calebe/Downloads/geração_de_prompt_label/Resultados_opt_niveis/Resultados extr_bnx2x_dcb.c_bnx2x_dcbx_add_to_cos_bw.ll/Oz.o
