otimizacao,dec_bytes,arquivo_o
O1,40,/home/calebe/Downloads/geração_de_prompt_label/Resultados_opt_niveis/Resultados extr_cvmx-fau.h_cvmx_fau_fetch_and_add16.ll/O1.o
O2,40,/home/calebe/Downloads/geração_de_prompt_label/Resultados_opt_niveis/Resultados extr_cvmx-fau.h_cvmx_fau_fetch_and_add16.ll/O2.o
O3,40,/home/calebe/Downloads/geração_de_prompt_label/Resultados_opt_niveis/Resultados extr_cvmx-fau.h_cvmx_fau_fetch_and_add16.ll/O3.o
Os,40,/home/calebe/Downloads/geração_de_prompt_label/Resultados_opt_niveis/Resultados extr_cvmx-fau.h_cvmx_fau_fetch_and_add16.ll/Os.o
Oz,40,/home/calebe/Downloads/geração_de_prompt_label/Resultados_opt_niveis/Resultados extr_cvmx-fau.h_cvmx_fau_fetch_and_add16.ll/Oz.o
