otimizacao,dec_bytes,arquivo_o
O1,70,/home/calebe/Downloads/geração_de_prompt_label/Resultados_opt_niveis/Resultados extr_klist.c_klist_add_tail.ll/O1.o
O2,70,/home/calebe/Downloads/geração_de_prompt_label/Resultados_opt_niveis/Resultados extr_klist.c_klist_add_tail.ll/O2.o
O3,70,/home/calebe/Downloads/geração_de_prompt_label/Resultados_opt_niveis/Resultados extr_klist.c_klist_add_tail.ll/O3.o
Os,70,/home/calebe/Downloads/geração_de_prompt_label/Resultados_opt_niveis/Resultados extr_klist.c_klist_add_tail.ll/Os.o
Oz,70,/home/calebe/Downloads/geração_de_prompt_label/Resultados_opt_niveis/Resultados extr_klist.c_klist_add_tail.ll/Oz.o
