otimizacao,dec_bytes,arquivo_o
O1,282,/home/calebe/Downloads/geração_de_prompt_label/Resultados_opt_niveis/Resultados extr_pcm_native.c_period_to_usecs.ll/O1.o
O2,282,/home/calebe/Downloads/geração_de_prompt_label/Resultados_opt_niveis/Resultados extr_pcm_native.c_period_to_usecs.ll/O2.o
O3,282,/home/calebe/Downloads/geração_de_prompt_label/Resultados_opt_niveis/Resultados extr_pcm_native.c_period_to_usecs.ll/O3.o
Os,282,/home/calebe/Downloads/geração_de_prompt_label/Resultados_opt_niveis/Resultados extr_pcm_native.c_period_to_usecs.ll/Os.o
Oz,282,/home/calebe/Downloads/geração_de_prompt_label/Resultados_opt_niveis/Resultados extr_pcm_native.c_period_to_usecs.ll/Oz.o
