otimizacao,dec_bytes,arquivo_o
O1,24,/home/calebe/Downloads/geração_de_prompt_label/Resultados_opt_niveis/Resultados extr_amdgpu_ttm.h_amdgpu_ttm_tt_get_user_pages_done.ll/O1.o
O2,24,/home/calebe/Downloads/geração_de_prompt_label/Resultados_opt_niveis/Resultados extr_amdgpu_ttm.h_amdgpu_ttm_tt_get_user_pages_done.ll/O2.o
O3,24,/home/calebe/Downloads/geração_de_prompt_label/Resultados_opt_niveis/Resultados extr_amdgpu_ttm.h_amdgpu_ttm_tt_get_user_pages_done.ll/O3.o
Os,24,/home/calebe/Downloads/geração_de_prompt_label/Resultados_opt_niveis/Resultados extr_amdgpu_ttm.h_amdgpu_ttm_tt_get_user_pages_done.ll/Os.o
Oz,24,/home/calebe/Downloads/geração_de_prompt_label/Resultados_opt_niveis/Resultados extr_amdgpu_ttm.h_amdgpu_ttm_tt_get_user_pages_done.ll/Oz.o
