otimizacao,dec_bytes,arquivo_o
O1,174,/home/calebe/Downloads/geração_de_prompt_label/Resultados_opt_niveis/Resultados extr_stm32f4xx_i2c.c_I2C_FastModeDutyCycleConfig.ll/O1.o
O2,174,/home/calebe/Downloads/geração_de_prompt_label/Resultados_opt_niveis/Resultados extr_stm32f4xx_i2c.c_I2C_FastModeDutyCycleConfig.ll/O2.o
O3,174,/home/calebe/Downloads/geração_de_prompt_label/Resultados_opt_niveis/Resultados extr_stm32f4xx_i2c.c_I2C_FastModeDutyCycleConfig.ll/O3.o
Os,174,/home/calebe/Downloads/geração_de_prompt_label/Resultados_opt_niveis/Resultados extr_stm32f4xx_i2c.c_I2C_FastModeDutyCycleConfig.ll/Os.o
Oz,174,/home/calebe/Downloads/geração_de_prompt_label/Resultados_opt_niveis/Resultados extr_stm32f4xx_i2c.c_I2C_FastModeDutyCycleConfig.ll/Oz.o
