otimizacao,dec_bytes,arquivo_o
O1,6,/home/calebe/Downloads/geração_de_prompt_label/Resultados_opt_niveis/Resultados extr_vv-tl-parse.c_tl_result_new_flags.ll/O1.o
O2,6,/home/calebe/Downloads/geração_de_prompt_label/Resultados_opt_niveis/Resultados extr_vv-tl-parse.c_tl_result_new_flags.ll/O2.o
O3,6,/home/calebe/Downloads/geração_de_prompt_label/Resultados_opt_niveis/Resultados extr_vv-tl-parse.c_tl_result_new_flags.ll/O3.o
Os,6,/home/calebe/Downloads/geração_de_prompt_label/Resultados_opt_niveis/Resultados extr_vv-tl-parse.c_tl_result_new_flags.ll/Os.o
Oz,6,/home/calebe/Downloads/geração_de_prompt_label/Resultados_opt_niveis/Resultados extr_vv-tl-parse.c_tl_result_new_flags.ll/Oz.o
