otimizacao,dec_bytes,arquivo_o
O1,264,/home/calebe/Downloads/geração_de_prompt_label/Resultados_opt_niveis/Resultados extr_cirrus.c_wreg_gfx.ll/O1.o
O2,264,/home/calebe/Downloads/geração_de_prompt_label/Resultados_opt_niveis/Resultados extr_cirrus.c_wreg_gfx.ll/O2.o
O3,264,/home/calebe/Downloads/geração_de_prompt_label/Resultados_opt_niveis/Resultados extr_cirrus.c_wreg_gfx.ll/O3.o
Os,264,/home/calebe/Downloads/geração_de_prompt_label/Resultados_opt_niveis/Resultados extr_cirrus.c_wreg_gfx.ll/Os.o
Oz,264,/home/calebe/Downloads/geração_de_prompt_label/Resultados_opt_niveis/Resultados extr_cirrus.c_wreg_gfx.ll/Oz.o
