otimizacao,dec_bytes,arquivo_o
O1,22,/home/calebe/Downloads/geração_de_prompt_label/Resultados_opt_niveis/Resultados extr_ccid.c_ccid_kmem_cache_destroy.ll/O1.o
O2,22,/home/calebe/Downloads/geração_de_prompt_label/Resultados_opt_niveis/Resultados extr_ccid.c_ccid_kmem_cache_destroy.ll/O2.o
O3,22,/home/calebe/Downloads/geração_de_prompt_label/Resultados_opt_niveis/Resultados extr_ccid.c_ccid_kmem_cache_destroy.ll/O3.o
Os,22,/home/calebe/Downloads/geração_de_prompt_label/Resultados_opt_niveis/Resultados extr_ccid.c_ccid_kmem_cache_destroy.ll/Os.o
Oz,22,/home/calebe/Downloads/geração_de_prompt_label/Resultados_opt_niveis/Resultados extr_ccid.c_ccid_kmem_cache_destroy.ll/Oz.o
