otimizacao,dec_bytes,arquivo_o
O1,46,/home/calebe/Downloads/geração_de_prompt_label/Resultados_opt_niveis/Resultados extr_blake2_cryptodev.c_blake2_probe.ll/O1.o
O2,46,/home/calebe/Downloads/geração_de_prompt_label/Resultados_opt_niveis/Resultados extr_blake2_cryptodev.c_blake2_probe.ll/O2.o
O3,46,/home/calebe/Downloads/geração_de_prompt_label/Resultados_opt_niveis/Resultados extr_blake2_cryptodev.c_blake2_probe.ll/O3.o
Os,46,/home/calebe/Downloads/geração_de_prompt_label/Resultados_opt_niveis/Resultados extr_blake2_cryptodev.c_blake2_probe.ll/Os.o
Oz,46,/home/calebe/Downloads/geração_de_prompt_label/Resultados_opt_niveis/Resultados extr_blake2_cryptodev.c_blake2_probe.ll/Oz.o
