otimizacao,dec_bytes,arquivo_o
O1,134,/home/calebe/Downloads/geração_de_prompt_label/Resultados_opt_niveis/Resultados extr_n_gsm.c_gsm_control_wait.ll/O1.o
O2,134,/home/calebe/Downloads/geração_de_prompt_label/Resultados_opt_niveis/Resultados extr_n_gsm.c_gsm_control_wait.ll/O2.o
O3,134,/home/calebe/Downloads/geração_de_prompt_label/Resultados_opt_niveis/Resultados extr_n_gsm.c_gsm_control_wait.ll/O3.o
Os,134,/home/calebe/Downloads/geração_de_prompt_label/Resultados_opt_niveis/Resultados extr_n_gsm.c_gsm_control_wait.ll/Os.o
Oz,134,/home/calebe/Downloads/geração_de_prompt_label/Resultados_opt_niveis/Resultados extr_n_gsm.c_gsm_control_wait.ll/Oz.o
