otimizacao,dec_bytes,arquivo_o
O1,98,/home/calebe/Downloads/geração_de_prompt_label/Resultados_opt_niveis/Resultados extr_keymap.c_layer_state_set_user.ll/O1.o
O2,98,/home/calebe/Downloads/geração_de_prompt_label/Resultados_opt_niveis/Resultados extr_keymap.c_layer_state_set_user.ll/O2.o
O3,98,/home/calebe/Downloads/geração_de_prompt_label/Resultados_opt_niveis/Resultados extr_keymap.c_layer_state_set_user.ll/O3.o
Os,98,/home/calebe/Downloads/geração_de_prompt_label/Resultados_opt_niveis/Resultados extr_keymap.c_layer_state_set_user.ll/Os.o
Oz,98,/home/calebe/Downloads/geração_de_prompt_label/Resultados_opt_niveis/Resultados extr_keymap.c_layer_state_set_user.ll/Oz.o
