otimizacao,dec_bytes,arquivo_o
O1,42,/home/calebe/Downloads/geração_de_prompt_label/Resultados_opt_niveis/Resultados extr_aes-neonbs-glue.c_ecb_decrypt.ll/O1.o
O2,42,/home/calebe/Downloads/geração_de_prompt_label/Resultados_opt_niveis/Resultados extr_aes-neonbs-glue.c_ecb_decrypt.ll/O2.o
O3,42,/home/calebe/Downloads/geração_de_prompt_label/Resultados_opt_niveis/Resultados extr_aes-neonbs-glue.c_ecb_decrypt.ll/O3.o
Os,42,/home/calebe/Downloads/geração_de_prompt_label/Resultados_opt_niveis/Resultados extr_aes-neonbs-glue.c_ecb_decrypt.ll/Os.o
Oz,42,/home/calebe/Downloads/geração_de_prompt_label/Resultados_opt_niveis/Resultados extr_aes-neonbs-glue.c_ecb_decrypt.ll/Oz.o
