otimizacao,dec_bytes,arquivo_o
O1,46,/home/calebe/Downloads/geração_de_prompt_label/Resultados_opt_niveis/Resultados extr_ixgbe_x550.c_ixgbe_write_i2c_combined_generic_unlocked.ll/O1.o
O2,46,/home/calebe/Downloads/geração_de_prompt_label/Resultados_opt_niveis/Resultados extr_ixgbe_x550.c_ixgbe_write_i2c_combined_generic_unlocked.ll/O2.o
O3,46,/home/calebe/Downloads/geração_de_prompt_label/Resultados_opt_niveis/Resultados extr_ixgbe_x550.c_ixgbe_write_i2c_combined_generic_unlocked.ll/O3.o
Os,46,/home/calebe/Downloads/geração_de_prompt_label/Resultados_opt_niveis/Resultados extr_ixgbe_x550.c_ixgbe_write_i2c_combined_generic_unlocked.ll/Os.o
Oz,46,/home/calebe/Downloads/geração_de_prompt_label/Resultados_opt_niveis/Resultados extr_ixgbe_x550.c_ixgbe_write_i2c_combined_generic_unlocked.ll/Oz.o
